t(h),ACCOA(mmol.gDW-1),ADP(mmol.gDW-1),AKG(mmol.gDW-1),AMP(mmol.gDW-1),ATP(mmol.gDW-1),CIT(mmol.gDW-1),F6P(mmol.gDW-1),G6P(mmol.gDW-1),GAP(mmol.gDW-1),GLU(mmol.gDW-1),MAL(mmol.gDW-1),NAD(mmol.gDW-1),NADH(mmol.gDW-1),NADP(mmol.gDW-1),NADPH(mmol.gDW-1),OXA(mmol.gDW-1),PEP(mmol.gDW-1),PYR(mmol.gDW-1),R5P(mmol.gDW-1),SUC(mmol.gDW-1),X5P(mmol.gDW-1),ALA(mM),ARG(mM),ASN(mM),ASP(mM),CYS(mM),EGLC(mM),EGLN(mM),EGLU(mM),EPYR(mM),GLY(mM),HIS(mM),ILE(mM),LAC(mM),LEU(mM),LYS(mM),MET(mM),NH4(mM),PHE(mM),PRO(mM),SER(mM),THR(mM),TYR(mM),VAL(mM),mAB(mg/L),X(gDW/L),V(L),ACCOA(mmol.gDW-1)_noisy,ADP(mmol.gDW-1)_noisy,AKG(mmol.gDW-1)_noisy,AMP(mmol.gDW-1)_noisy,ATP(mmol.gDW-1)_noisy,CIT(mmol.gDW-1)_noisy,F6P(mmol.gDW-1)_noisy,G6P(mmol.gDW-1)_noisy,GAP(mmol.gDW-1)_noisy,GLU(mmol.gDW-1)_noisy,MAL(mmol.gDW-1)_noisy,NAD(mmol.gDW-1)_noisy,NADH(mmol.gDW-1)_noisy,NADP(mmol.gDW-1)_noisy,NADPH(mmol.gDW-1)_noisy,OXA(mmol.gDW-1)_noisy,PEP(mmol.gDW-1)_noisy,PYR(mmol.gDW-1)_noisy,R5P(mmol.gDW-1)_noisy,SUC(mmol.gDW-1)_noisy,X5P(mmol.gDW-1)_noisy,ALA(mM)_noisy,ARG(mM)_noisy,ASN(mM)_noisy,ASP(mM)_noisy,CYS(mM)_noisy,EGLC(mM)_noisy,EGLN(mM)_noisy,EGLU(mM)_noisy,EPYR(mM)_noisy,GLY(mM)_noisy,HIS(mM)_noisy,ILE(mM)_noisy,LAC(mM)_noisy,LEU(mM)_noisy,LYS(mM)_noisy,MET(mM)_noisy,NH4(mM)_noisy,PHE(mM)_noisy,PRO(mM)_noisy,SER(mM)_noisy,THR(mM)_noisy,TYR(mM)_noisy,VAL(mM)_noisy,mAB(mg/L)_noisy,X(gDW/L)_noisy,feed_rate,feed_state
0.0,13.968253968253968,0.2126984126984127,0.0006031746031746031,0.000984126984126984,0.02222222222222222,1.9047619047619042,0.0001333333333333333,0.00017777777777777776,0.0012698412698412698,0.6984126984126984,0.004761904761904761,0.028253968253968254,0.0023809523809523807,0.0030158730158730157,0.0029523809523809524,0.0006349206349206348,0.0027936507936507935,0.0015873015873015869,7.619047619047617e-05,0.0002539682539682539,9.523809523809523e-06,1.11,6.06,11.17,4.470000000000001,2.5,72.55,1.21,0.97,0.23,0.65,1.5,8.17,5.22,10.840000000000002,5.75,2.23,2.12,3.4200000000000004,8.980000000000002,10.7,5.2,2.32,7.62,0.0,1.2600000000000002,270.0,13.968253968253968,0.2126984126984127,0.0006031746031746031,0.000984126984126984,0.02222222222222222,1.9047619047619042,0.0001333333333333333,0.00017777777777777776,0.0012698412698412698,0.6984126984126984,0.004761904761904761,0.028253968253968254,0.0023809523809523807,0.0030158730158730157,0.0029523809523809524,0.0006349206349206348,0.0027936507936507935,0.0015873015873015869,7.619047619047617e-05,0.0002539682539682539,9.523809523809523e-06,1.11,6.06,11.17,4.470000000000001,2.5,72.55,1.21,0.97,0.23,0.65,1.5,8.17,5.22,10.840000000000002,5.75,2.23,2.12,3.4200000000000004,8.980000000000002,10.7,5.2,2.32,7.62,0.0,1.2600000000000002,0.081,0
12.0,10.103484577172003,0.04929614841070166,0.0005833514564228456,0.009983661169645653,0.2613506865028341,1.4810049748246792,0.00021062259216901824,0.0012209466616727224,0.00608580119760183,0.48467881728969464,0.0046485516789821065,0.029688498540235607,0.0020521916609420442,0.028591074611084767,0.01516941647688884,0.0009614616306559235,0.0073314462331522745,0.0017957720707651131,9.506039057141233e-05,0.0004474987955831314,1.3755859928676577e-05,1.6691637357127964,5.904397147580509,10.739942501412935,4.0752866137191255,2.461577585894289,67.7924049061683,1.1564700059687933,1.041402341128805,0.24985626354759743,0.5500471911693571,1.3711711082394362,8.060700572402254,11.806828211930146,10.625993488255729,5.528433423963035,2.1824172442744705,2.986901127318685,3.3363209729884167,8.874532133591298,10.081746022840973,5.030667129140113,2.2408679239012628,7.460099866290779,0.12864201698724223,1.9792371370510662,270.97200000000174,11.155754373432671,0.051967058606345144,0.0005614058864610538,0.009820317484870427,0.22785972636415963,1.414862099035275,0.00020343011538096327,0.0013195560615360705,0.006468097720193638,0.4975077101164773,0.0051117402619847,0.033225303675997915,0.002031940176316854,0.030967681500759774,0.013654047833674387,0.0010348678256019554,0.007871121401188761,0.0020193236894752095,9.668728596450206e-05,0.0004426873841977738,1.3415776253979789e-05,1.5666645650689672,6.255306582610554,11.273124912578554,3.5580585697607616,2.335579778928468,73.46650277819344,1.118686688932029,0.6533596136874263,0.2590326769722464,0.5807105666080038,1.3800719153919765,8.38513068604133,14.245059175122549,10.198755019631701,4.8791936158363045,2.1470538959864953,2.980977268410048,3.171813023029485,8.062286135475786,10.446423841239014,4.625852562390113,2.40508317204272,8.854669437144839,0.14047036971595586,2.0665298352256105,0.081,0
24.0,8.245691390355097,0.06190827944073264,0.0005670230751102773,0.010966131719001414,0.2943757126989691,1.292642435532208,0.00025254991164473607,0.0013628429597598891,0.003097674155180262,0.3969649835420812,0.004474244616243711,0.02968553616815666,0.0018742299480809055,0.028786265336771377,0.015514496326684234,0.0009454272516977391,0.00867299963405862,0.0018454069512726708,9.842939165225414e-05,0.0003793645402898619,1.3755996130190893e-05,2.430850397070821,5.661711967749298,10.106638543056711,3.489956322195192,2.4108643741821476,61.18962240286467,1.1300605128093357,1.1298882144847657,0.26128326803859364,0.4745199343372551,1.177824988058728,7.913610701411671,18.75860991908966,10.343742854052152,5.2448196771617335,2.11926085764257,4.274872530355886,3.225039606139642,8.73631139248496,9.156147705946834,4.728409628963972,2.1371327564203106,7.247342552475421,0.3236806300498739,2.9130678339355773,271.9440000000016,7.246038310705202,0.058522484419239656,0.0005160868984779855,0.011106185297261054,0.3018307098987771,1.2439895203239146,0.00024444416180926935,0.0013327450646477127,0.0035102297639013442,0.35961171906212425,0.004843334449771954,0.03503785591420047,0.0016904904710215685,0.03083763443766548,0.017687671543515544,0.000889007665133857,0.007686195069444505,0.0016412577606586187,0.00010496000499043665,0.0003665941574098787,1.4667085869352089e-05,2.938814874359514,6.02630950161136,10.669078399893888,3.7101102340676206,2.3464633423288634,68.4177331358427,1.1347357621062648,1.169331607264573,0.2869593742618852,0.5041202641018414,1.0757571722020176,7.568179651970738,17.32195885815788,10.992647439469991,5.47812865605946,2.2884191202607798,4.173262924980886,3.2195938747310047,9.093487964160657,8.836009883687343,5.093823023719533,2.210297154379596,6.598645809766167,0.290254813837923,3.077582632098893,0.081,0
36.0,7.472995372959425,0.06851565695449242,0.0005560719113980447,0.010893277923613854,0.3146450071945052,1.2345742722364357,0.0002797464888811828,0.001456163451411626,0.002086260193054137,0.3769947990991096,0.004357573295217225,0.02967676538972527,0.001807262369527184,0.028791433232971217,0.01564860123079864,0.0009214743182058126,0.010251715994611905,0.0018533706232668362,0.00010177566446390403,0.00035576915514570436,1.3756119974410596e-05,3.4118209415414285,5.340831723096414,9.241941070382547,2.696609817577626,2.3508725035863076,52.94735039001186,1.1686408333618774,1.239329213023648,0.26247808134994693,0.45901978480262995,0.923390143681813,7.735907745026894,25.090464419988937,10.007905256387394,4.912341268438001,2.044346740912023,6.05895192153737,3.0929170229024656,8.573370110303472,7.877734558610974,4.284107758054623,2.012758053791433,6.992603237526004,0.5971597281333947,4.008664773428757,272.9160000000017,7.170107003640305,0.08035869152081924,0.0004847148551689884,0.011274939098029211,0.29397702825812794,1.2302125818885825,0.00025019195591679394,0.0015521971065407373,0.0019089689877276024,0.32050015366545376,0.004127590206138123,0.027916325299693533,0.002027070787542184,0.026240456003849704,0.015399829891922939,0.0008381463366159443,0.010120130918140234,0.0018317996354508916,0.00012504871094887052,0.0003178546763028851,1.3469867018937154e-05,3.363149396700113,4.372246942038088,9.51081638873334,3.208699373815194,2.5677525343064214,48.94716237949149,1.2849789071178872,1.2974272741956565,0.23523863196918038,0.472714213834963,0.9550876087806709,6.948135054951165,29.094891357595042,10.840631292871484,4.694720571472969,1.9586687469558837,7.075148663619721,2.908699516229122,8.442534505121863,7.377009359331094,3.729412421443873,2.116799267668077,7.06444534721119,0.6574604149452544,4.421356224060449,0.081,0
48.0,7.305402251273358,0.07095554352581472,0.0005503908059872295,0.010341778487287527,0.32912580299301114,1.252021639493314,0.0002901327901943198,0.0014636749743330627,0.0015963751103942453,0.3843791492130192,0.004295314439735982,0.029665926650627478,0.0018057545149768228,0.028808876568776395,0.015682018014516522,0.0008975646511828011,0.011990661672723873,0.001845530939503519,0.0001046622597434833,0.0003545806506001257,1.3756221406811024e-05,4.630787811083621,4.969199519079405,8.138415231808864,1.6863996129940308,2.2857353700293945,43.43706158202578,1.3044480878951534,1.3738542020159912,0.2530821107172704,0.525343347100225,0.6278203409020537,7.538334197624284,29.800845931590466,9.639487254823583,4.549981985818512,1.9629108097975636,8.366937679946544,2.9492307510426032,8.396730536801162,6.229388605940597,3.7123017747951854,1.874076527860465,6.711698979988998,0.9545086460014927,5.193561687154103,273.88800000000157,7.151532009850538,0.07440190241008302,0.0006376685111763754,0.009223889698015214,0.34602005938849106,1.4752719056385648,0.0002817984493858009,0.0014780012802728686,0.0019086503365557876,0.40672867653832284,0.004699822110183582,0.028351318124621085,0.0017797804514574438,0.02372943548492005,0.012573520371801742,0.0009785160409075337,0.011055670061449781,0.0015720709469478403,0.00010740289586405979,0.00041959048626837524,1.4083244490432259e-05,3.9000660884297234,4.289103269517375,8.419723946896395,1.6560529213197417,1.969491682610518,47.92041092448943,1.2066130348334905,1.547940971299901,0.2824056679675613,0.480645380934963,0.7084456415805234,7.649174112858819,30.8893308482274,9.026675580422332,5.408771348826459,1.7239908896098686,7.700796717497699,2.794010294934094,7.639010198335325,5.0255087945411585,3.8677571892870524,2.0005427799536655,7.414799307093117,0.9971199471042641,5.428287430569474,0.081,0
60.0,7.504559864318966,0.06966649659520474,0.0005524224304303263,0.009460560390063195,0.3418936726578822,1.3139400427348318,0.0002856303244195122,0.001335475294114244,0.0013358062539116174,0.3902370756411611,0.004310316051130988,0.02963420641881803,0.0018771158077191975,0.02886049483896365,0.01557053450992548,0.0008641516359458795,0.013897362916294993,0.0018280247539036148,0.0001071204097661588,0.0003786556256647994,1.3756306228995583e-05,6.069677423197521,4.5994373912954485,6.810927919669945,0.4840180226361118,2.2196630381961215,33.040938438212095,1.5473402800009326,1.5332325793636754,0.23446004378190174,0.6749852631380768,0.3361097962792193,7.332243102709266,32.16179542605745,9.260295651529656,4.177488476985347,1.880285234648573,11.167018021152892,2.8034297151489107,8.217618999604362,4.226012617978273,3.048506150302723,1.7279497247324134,6.421151822788839,1.3778061510107518,6.393973825454964,274.8600000000016,7.829182910461238,0.06793812852955494,0.0005484627684244757,0.00889574374054387,0.3925507294261819,1.4970738719360899,0.00028605255424617464,0.0013639229695182457,0.0011600322963791622,0.27892229546428204,0.0036551672481134807,0.03217041445840735,0.0017115538025784971,0.023784164780883472,0.016346631181954622,0.0007627271181725466,0.014774317149783556,0.0020704068779883174,0.00011375232052078787,0.0004086333609753891,1.3983196163229237e-05,5.690128210594785,4.5137818038855,5.771734844998265,0.48800082261681615,2.099659261739478,32.401670099392064,1.8008260450468363,1.6904234313260056,0.2545716334843867,0.6152925842245504,0.2826664611370562,6.672060666942732,31.067550720842743,10.643592737022914,4.318624171568743,1.799178996063133,11.610202700531868,2.6937212670613784,7.403434031725111,4.509841738067417,3.2890498773678982,1.7995018881284397,6.335289726900466,1.1718145730767664,6.207926354577841,0.081,0
72.0,8.152274925464498,0.05096511793436811,0.0006055460586722377,0.006198498005344899,0.370307129638905,1.3555185949928608,0.00028577889219637514,0.0009925984938011223,0.0014030668228297613,0.3316495077589432,0.004863855163271797,0.029354567303235435,0.002677529331434797,0.029043843706591823,0.015165055813611984,0.0007048309859794457,0.01756324291857559,0.0017581709856921257,0.00011054944977649554,0.000730344926891456,1.3756436021683569e-05,7.462477446856027,4.3325366573590225,5.3394039781338245,0.029184196862797385,2.167417929415157,23.266662247978527,1.8009161602839434,1.7030047504662917,0.20918269688828653,0.844836365641034,0.12251371508605466,7.154780162226416,30.818362350988757,8.94412816277786,3.8614400829537665,1.815160324301998,14.428267855904087,2.688640540501088,8.07539786898438,1.9988846366444248,2.4855343038654842,1.5957765243623923,6.176235273924339,1.6265388118647413,7.351635053048564,275.83200000000147,8.770927041064338,0.051137411726501915,0.0006436100839576272,0.006796811804741593,0.36965753807927676,1.0124254751966733,0.00027653300154553896,0.0010316085097757347,0.001117515878973577,0.338103317542112,0.00411751099419547,0.029578901324999546,0.002991526851055756,0.03142996243563556,0.01456383428733494,0.0007078419935821962,0.016204731902467413,0.0019000308900454048,0.00011910908022583043,0.0007445789289153046,1.2919802545708032e-05,6.966524270256214,3.89329559938743,5.054543298543485,0.03159190448406819,1.8310157278934263,24.244657639173866,1.7583512777901678,1.879647033684774,0.19830572871359495,0.7241874656052516,0.12643397353556277,7.538292153104231,30.341607557165077,7.553970181593243,4.454768433507091,1.852433426206521,13.335163816986473,2.8410445365038934,9.081702988994916,1.9439217735165741,2.4049442471124403,1.7123191557670356,6.320191467091693,1.5876885947790926,7.80524635376176,0.081,0
84.0,9.142810205973785,0.046496850409763146,0.0005873082471938356,0.005328822913149008,0.379596539000249,1.3809387516443468,0.0002492613582235466,0.0005832040819914011,0.0013732404018506302,0.2709353734317346,0.0046711437628735005,0.029354624737400456,0.002981880186556978,0.02967027542505522,0.01395539565645123,0.000654317060928275,0.018993573347313778,0.0017189309551670232,0.00011176064482696037,0.0008422573181266228,1.3756497163950216e-05,8.590023600636469,4.218073014156792,3.833508659516549,0.02850690622760632,2.130919752136127,14.15002510267526,2.0150136211416627,1.8516957249052732,0.18295160123203869,1.0374107829654593,0.033127302407231086,7.014236660418383,26.280911401599056,8.704043961685661,3.6139554226720043,1.7699693374673946,17.509776779271096,2.6091733174581124,7.975186828403267,0.0873622058105286,2.0377567355027657,1.483799644647935,5.987596804998106,1.742891412193377,8.032965292838929,276.8040000000012,9.359047443885665,0.048200538368823924,0.0005688054230196984,0.004888184686785665,0.4112130140447778,1.3601908736305106,0.0002530960997244684,0.0005015928591757349,0.0013366621537245168,0.2367574547279792,0.004632983172016661,0.02868837663636627,0.0029258868527493463,0.03283930860542161,0.010989588844235301,0.0006312178394645313,0.016678190502018048,0.0014257082703707862,0.0001029315962101716,0.0007559432473652625,1.4069388888958256e-05,8.589175345513585,4.946999255316461,3.6027655597278057,0.026980635240395665,1.8140125711844128,13.482803410983195,2.000819187764347,1.5309203050715618,0.16277100241331413,1.0200848501848336,0.03040469963422958,6.596897173889773,22.56743719848949,8.462538195923194,3.5154511938490405,1.5437131352240283,17.16322312879328,2.708389968505564,7.652997496418839,0.08573657384112597,2.0721215596899603,1.4921796356083887,6.6086429743779025,1.7542517873342673,7.486292377500273,0.081,0
96.0,10.320970645825886,0.04704675002179129,0.000577961418262616,0.00510045591331554,0.38164815897230936,1.405029266403066,0.0001683080650681455,0.0001447468904965314,0.0011160879601822963,0.2507935343499319,0.004610998586343315,0.029608434602716914,0.0029243068289724118,0.0341286516464726,0.007711497207420584,0.0006303740667615759,0.016461056269226667,0.0016775025077507407,0.00010460709894788954,0.0008160514342142857,1.3756535372189454e-05,9.51355642025175,4.197529135134883,2.4028188433067315,0.024478745575329718,2.107699066927689,5.540263262142914,2.225734825915616,1.980611866134075,0.15841594153475166,1.2679245498984566,0.013901601271118433,6.901811845610521,18.403378674477022,8.525111372196553,3.421308008130813,1.7415870247095744,18.78214778397785,2.559487790430028,7.910401642629183,-0.00043092052254382614,1.668273712868371,1.385851468717076,5.843402579956293,1.7984489150150071,8.48124484739109,277.7760000000014,8.886879961355183,0.04343804899974042,0.000541913606769841,0.0043275254668810985,0.42928120641144485,1.0412232866343376,0.00016803307126710782,0.000134445519116982,0.0011579827309669256,0.2278785412028659,0.0042541426054016436,0.029918154251100514,0.0031203561224680426,0.03531474850822589,0.008707680353418241,0.0006841396888964617,0.015274049064889331,0.001693906371605699,0.00010668442631469502,0.0008070272705816003,1.4196349701486994e-05,8.189633358618567,3.622542187450314,2.219249440890857,0.02272416867782435,2.000533950029874,6.043584441139538,1.988384630886257,1.7607323962800046,0.17229751338684382,1.4989449770481698,0.013918656013582494,6.468619048605344,18.415760011698712,7.721479891021935,3.1412108468587516,1.725078272912288,17.767691173314343,2.744028396569601,7.688246543961973,0.0,1.7179196363024052,1.3336825394261496,6.2916705176463426,1.8549662464517034,8.766833694225523,0.081,0
108.0,11.397526157305242,0.23798597110123398,0.0005453127658730195,0.021546821694465212,0.17563937117018613,1.530573748089251,5.940306055621854e-06,1.9164123079496834e-06,5.720992764011662e-05,0.20906032728831822,0.004312793278776254,0.03141508745618874,0.0005316503029579105,0.03644538136973576,2.3096399269663485e-05,0.0008381814912849871,0.000987331081692815,0.0011952514068065852,2.6378385522950847e-06,0.00010656189478953007,1.3754963789313578e-05,10.208105086581318,4.206506950436654,1.191382870898695,0.01739797656316988,2.0911387789589075,0.7074065176749306,2.895937018151468,2.0929222742969844,0.1360022040101105,1.977008626506827,0.012419309978022916,6.775027308556733,3.224533850753058,8.348419978440951,3.2278204823184193,1.7216331368832152,19.36429567863551,2.5247334890006226,7.863397094625519,0.0008675805322306279,0.878277673652045,1.266510977339207,5.693049162966678,1.8293596234899214,8.81235425668843,278.74800025425424,12.056361604493295,0.2158500041508079,0.000515118941091732,0.01917431253554626,0.1787302486866899,1.2815768558087803,5.4402364492798745e-06,2.206005410317635e-06,5.72246091739455e-05,0.1997326861725878,0.004306595819898958,0.029339022484296862,0.000562473851139984,0.033784081170763126,2.439083024873724e-05,0.0009202151122877703,0.0008982432681259491,0.0013507141711844453,2.4558023117333657e-06,0.00010865807464483186,1.298701634748616e-05,10.164794248754314,4.327883523437057,1.139082728500528,0.019634982113417177,2.091989112574118,0.7643519191850205,3.061460019924285,1.8886426916394985,0.12603159255801655,2.018002264029746,0.013664712428514502,5.925341737749086,2.779839119873694,8.168422164296107,3.6262538809288536,1.7530868167973366,19.777253061037555,2.294151919173856,9.1311512968242,0.0007718646965761141,0.8384295927615218,1.3838630646382113,5.928061354688735,1.6706056966955574,9.409697898452578,2.392,1
120.0,12.342214499618635,0.07181627777316688,0.0005309804517225153,0.00884445600326603,0.3951580521382211,1.7156258449354087,9.198114571240219e-05,0.0013030181627365146,0.0013239011289674907,0.39385633053836466,0.004079249199127709,0.03073026326186472,0.0019117635809358941,0.0278980229950741,0.014847558354481765,0.0007691451819399367,0.018218333836551068,0.0016372838693657354,0.00011628766243897678,0.00040822286293062016,1.375654827184385e-05,10.600524125238065,6.227357090334201,1.4372064634773163,0.5855654852899862,2.1842593905452294,32.76248598340999,3.6700373465907092,2.4675817249617764,0.9123339755360107,2.480130672091828,0.7846072349705341,7.1387145873474385,5.956973990996644,8.710582271175504,2.880164978299669,1.8687222442968305,19.946953999141233,2.7996228474637808,8.036657416834942,0.5952849396528844,2.922149213552833,1.2580722357140068,6.084068095726967,53.171152333026065,8.00766887675626,307.4520002542543,12.962755558633827,0.07557649989367332,0.0005888000278803323,0.009126807044200498,0.46839723865256666,1.600428547410938,9.517177674707996e-05,0.0014640278663307716,0.001050636828608158,0.4335602119464422,0.004541614262313407,0.030794478588154726,0.001844341310715437,0.02934004954738503,0.015652557025214762,0.0007168671381785115,0.016868304852365956,0.0016273381480116007,0.00010434326948057112,0.0004210867986815004,1.7006704110214137e-05,11.88410035015486,5.281497149187611,1.6431230880280967,0.634758202890928,2.080833224365178,34.837372885865165,3.8786528988608313,2.4700878354461464,0.8182923797146621,2.3808323794650286,0.6918426495876413,6.02075285175368,6.766385918562637,9.106952678160713,2.7670070931248865,2.014725729498006,20.29677061459047,2.839053647007693,6.611553835066767,0.653596609831319,2.833238126912265,1.2947413683374585,6.087291485157792,47.75641785564917,8.602629085005022,2.392,1
132.0,13.33931902122184,0.07516154955732676,0.0005488788787942968,0.00894895742662504,0.4273103388952896,1.933467507034853,9.235291725306181e-05,0.0019055775206977149,0.001276161066063204,0.592879661624852,0.004256491689943825,0.030952282480175303,0.0019938201256836253,0.029613339797858632,0.016474192399633377,0.0008116349381828923,0.019657373567733727,0.0016292658260440892,0.00011623545325088473,0.00044427917802027713,1.3756557558221994e-05,11.717114394937623,7.732020169789174,1.5871188457988363,0.8210530442367001,2.26283201464906,60.19436005305273,4.288097220480814,2.8220539551145283,1.48263523260028,2.857252509204088,1.251222928082722,7.449097333362651,6.10374443186473,9.023441399295113,2.603727198988664,1.992862267239973,21.070301972121744,3.030967883141489,8.184140630436943,0.7547501093201032,4.670082037159768,1.2584061758744183,6.418619933694594,108.10648700528328,7.294052208683409,336.15600025425465,14.434759408759664,0.056956808508641016,0.0005647679831129673,0.008842347901914717,0.4570177581822049,1.8770069957791806,0.00010164980564338318,0.0015078779342625117,0.0013491949029177555,0.6956105431006089,0.0043103427319605815,0.029251876635727345,0.0017366070054218722,0.028405629178639834,0.01690684935930126,0.0007755641078313667,0.01941341761185517,0.0014906728402992314,0.00012632837562310964,0.000507078928661879,1.1016530790062183e-05,9.937627430750892,7.716166534642755,1.7010027997759278,0.7611874168002535,2.487627193849726,64.15042969378784,3.6464594634323513,3.467731911459034,1.6002768945669574,2.841634723383978,1.1384542919574088,8.350804955989192,6.357519426820386,8.465613990123835,2.611101458215871,1.7585746789601104,21.60996663843421,3.1890890999462225,8.217497935588458,0.7515683426070618,5.629142428487021,1.203642865079026,7.061619212603377,107.8739584114602,6.8475890403879,2.392,1
144.0,14.316075784667069,0.0828496742406036,0.0005582754789154293,0.009605451112758095,0.44851171614664015,2.192363682066127,8.528890767033063e-05,0.002252984514422907,0.0011763401821681836,0.7734595785728583,0.004351305379422309,0.031053119169603387,0.0019124464212305066,0.030206432663705495,0.017054954986082952,0.0008439348423553691,0.02034284758411603,0.0016094953787115982,0.00011637112694701765,0.0004285489200635509,1.3756564963568282e-05,12.959506542600002,8.952422970123083,1.6947256911874342,0.9870724730683431,2.331142358545345,83.74270163956741,4.889870562269481,3.13502969802798,1.934726436342089,3.233610497923648,1.5930730695692201,7.716168160335158,5.531855132663943,9.29787946360956,2.3805563742319116,2.10020797491352,22.092126856693852,3.2306884078765585,8.314053792942493,0.8477705381089817,6.103074702756932,1.2619666204009363,6.708608961589801,156.50763846942326,6.644115337110058,364.86000025425454,12.111148911476503,0.06532451218811493,0.0005024619043518992,0.01020302684768781,0.4758594078819972,2.249149687221038,9.87815948788188e-05,0.0020135194127651737,0.0012689917456510547,0.6816391338471037,0.0037409148244439937,0.029621299340899077,0.002142555282531757,0.03250235722662733,0.018733060253584618,0.0007319527241101978,0.02066515070372027,0.0016782346403041695,0.00013873168206407458,0.0004413202754929502,1.4124709226957916e-05,10.526682756278472,9.369295704759164,1.4477176454145255,1.0211984762494728,2.509460997358612,77.3632606760351,5.305949131996072,3.328461693122588,1.9715807616341943,3.23165668848792,1.792972497056863,7.642099806647972,6.191908780583998,8.840472727135632,2.2640119631665097,1.8111662087558134,21.25484537587452,3.182339605163016,8.07254996507231,0.8026722084880631,5.962005581545786,1.2779069025108312,6.246707962460131,163.2212976551145,6.876487148606099,2.392,1
156.0,15.267951288473702,0.09203744214182566,0.0005639445756665176,0.01045624570982726,0.46343948823945796,2.4816335583308393,7.794418605814281e-05,0.0024991573565574417,0.001080186925847023,0.9382314989928141,0.004409045969613125,0.031096991258825205,0.001792750185456583,0.03043348621644957,0.017319652577580186,0.0008709132133391804,0.02069192879388658,0.0015882483648091946,0.00011651868179300614,0.0003990698934387159,1.3756570731485284e-05,14.152680342825649,9.977302522849433,1.7828122332775251,1.1344336253507896,2.3911083953302925,104.10032344800936,5.476930488614186,3.4058265626536004,2.3071867268673425,3.6135084454290167,1.864611141452699,7.948753511554546,4.930460882677367,9.540795098813396,2.1976544461123537,2.1939653289319394,22.94819728292944,3.4049263180264497,8.429344553411664,0.9241974054647362,7.282888068999794,1.2677500508543238,6.962752148525378,198.3371676496131,6.053962053199113,393.56400025425467,15.602871478444458,0.08817724893535102,0.0005294235172641886,0.011217131792332103,0.45404700265175846,2.239018338296991,7.68669213678068e-05,0.0025003730051075387,0.0010805320083815825,0.8816458998144523,0.004486212174934855,0.03225453662421297,0.0015938697252663098,0.029219058527167097,0.017982114300245922,0.0009198796420678853,0.02135391749590144,0.001431348819762877,0.0001320415266408374,0.00043778434911058287,1.5166022099649581e-05,15.92821141709356,10.841041986556968,1.9145684312351974,1.0315227977072496,2.5638231086898307,96.52267587544294,4.506830381115889,3.4640649275833577,2.3740654854485257,3.3211438961022552,1.658133873131982,7.79199686589447,5.048372349433782,11.547643843372214,1.7525528234210346,2.093055586069656,20.683593268871125,3.1539594074791935,8.34860518500427,1.0949669630148184,7.217485181995511,1.2235824718714747,7.447045932358006,182.73166181279947,6.009638569033586,2.392,1
168.0,16.195755849770755,0.10144556666455512,0.0005678739629237374,0.011347743194911917,0.4746140047657027,2.7951837187832975,7.201328997399859e-05,0.002691521853634901,0.0010000064649364744,1.0893009532768536,0.0044493335184426636,0.03111096018606516,0.0016808017182267842,0.030531812703066215,0.017465512241603778,0.0008943591465525182,0.02089163283119659,0.001569206227208154,0.00011664599372713319,0.000370867302946299,1.3756575289421447e-05,15.24092889714607,10.85788937818567,1.862757379286538,1.2831747838119147,2.44416724752347,121.88994043127035,6.044646828704187,3.639065234297552,2.6224198739947484,3.9913900103470517,2.092021993028814,8.153367675009669,4.468287446008999,9.757421447581233,2.0457456179150584,2.2765461552841972,23.639235604198124,3.558265410674232,8.5322788803432,1.0009246237208957,8.263601710080431,1.2750685279110467,7.187524865062685,234.27747644725048,5.5192339972879205,422.26800025425473,12.820247034115324,0.11682988594176869,0.0005286785894959611,0.014648010310051404,0.4646212043599817,2.693575271272429,5.707879642465619e-05,0.002629995094118994,0.0009979385996888046,1.239456920536261,0.003176932308219813,0.02573575007570818,0.001713567010682311,0.023571627995921565,0.01857266695090216,0.0009122312766355976,0.02191811825623182,0.0014423340146727792,0.00011547073033759729,0.0003374872338057482,1.6490761811129228e-05,16.25984222707968,10.332091704112434,1.7979603441798493,1.374106550338557,2.3455076140616127,104.68561799059026,5.746547808815409,3.5308098098213354,2.4589317825518098,3.482273929262888,2.145817453197937,9.005810549870581,3.9584316643642445,9.053849842994556,2.103646774445786,2.0006014877016876,22.85667865973589,3.5519485938269004,7.236504456814682,1.02364766004657,8.914119610284757,1.3953903447675697,6.490631404711143,199.96969580234008,6.643796513651171,2.392,1
180.0,17.10281144701231,0.11039986137152108,0.0005709103909027673,0.012201432283980452,0.48356620385064053,3.1287446169067605,6.751327862685625e-05,0.0028482977383482173,0.0009363985732637367,1.2284701893529815,0.004480643266444499,0.031110605044189547,0.0015888745520574316,0.03057959626971588,0.017557970434612085,0.0009148973423063012,0.021030963032097685,0.0015534303718346726,0.0001167498995073077,0.0003478842927671774,1.375657895420889e-05,16.210498219498003,11.627693869143563,1.940559960263099,1.4421171649884594,2.491444275633689,137.61785558335126,6.585773528949883,3.8401152993939474,2.8949874164681377,4.358171517893423,2.290045659381964,8.334959054984491,4.14050410165101,9.951893474074959,1.9181227748859115,2.349825343454608,24.184503492028355,3.694250703808456,8.624693920523638,1.0850112441457584,9.090965221042742,1.283443667889504,7.387909988517655,265.07000339943085,5.035184977949857,450.97200025425457,18.42096326105223,0.10304099569047495,0.0005594628192484197,0.011413962155920674,0.46764397639337885,3.3652874745623804,6.642390583943758e-05,0.0031357298991180286,0.0009954212570925124,0.9564560649770011,0.004842892319593789,0.030960600963480106,0.001614458947799388,0.03225267257021157,0.016833881836806126,0.0007940968158032687,0.019752445578507295,0.0016207534449050815,0.00010430109971525908,0.00030661751447900814,1.3182236082636437e-05,15.484681117594336,11.066766622736175,1.9182185601767063,1.8362528070697193,2.3143917940185745,125.59653770457734,6.684883659256574,4.393117762534065,3.0899592015184325,4.231939189319014,2.195498342259201,7.598412037428122,4.507912054073266,11.692176348777824,2.047509980431736,2.1091994167611245,26.156083644365907,2.888720163210846,8.316763627391047,1.3975338141719913,8.427461130353443,1.4805670733324936,7.7671011771614396,226.32123969490064,4.571109806969788,2.392,1
192.0,17.99281967624926,0.11865601874048183,0.0005734100391360514,0.012988867384283785,0.491133405884651,3.4789632003503055,6.410022241083397e-05,0.0029785578768183503,0.0008864615352589252,1.357385293492464,0.004506567603919313,0.031104870417891506,0.0015159254805751025,0.030605405196483065,0.01762254536127967,0.0009329197566456042,0.02114131860684489,0.001540663126925039,0.00011683356059972009,0.0003298809727789199,1.3756581949665788e-05,17.06269559458579,12.310125510767962,2.0194652456869333,1.6152164636656963,2.5338358685073685,151.67684773739063,7.0939364884935845,4.013903340954426,3.1348901433740823,4.705779766436396,2.467739145538897,8.49736610635116,3.907534157143476,10.127534504619511,1.8098420253766954,2.4152842515011286,24.6063975501865,3.815672583568993,8.708096555379981,1.1797625404549295,9.801307054272051,1.2925426649697482,7.567820344258085,291.3894002556728,4.597073938179189,479.67600025425446,16.002296597472053,0.11771887144013927,0.0005743013801426979,0.010560066472070749,0.5632126088163442,2.625828641981324,6.852270707707832e-05,0.0027135662783094225,0.0009610492138251712,1.462439991825227,0.0042872742591706335,0.029058431222217268,0.001594150527805222,0.029847092071672767,0.0169057280649522,0.001039691846393894,0.02209191366754237,0.0014327114504784268,0.0001258545532127448,0.0003359780723301197,1.4389388962322861e-05,16.62395439623935,12.655202810922516,2.083978646023934,1.4711619526662045,2.015693077241563,162.7257935593205,6.676950397650826,3.8166379856718375,3.2847104240022986,5.630918292930722,2.6632274095105197,9.194610770103388,3.863313126068641,11.612590115170082,1.501080906135729,2.9838578579481547,19.765371234242664,3.8988727009052333,9.202275933755356,1.2344972859586139,10.113453406122993,1.29879502932596,7.0935385505651105,350.21880646540393,4.779379594614014,2.392,1
204.0,18.86891128104868,0.12617992889394392,0.000575535622742135,0.01370550813848467,0.49777078949706394,3.843124674253089,6.146619036154815e-05,0.0030879234627632273,0.0008470708169827377,1.4775010171975718,0.0045287313180787875,0.031097835459449892,0.0014580318746201825,0.030620740783409334,0.017670705618067464,0.0009487598159829282,0.02123145272535961,0.0015303169021090724,0.00011690094029816116,0.00031577752788428354,1.3756584435047952e-05,17.804082110721364,12.922229612461516,2.1012332379331546,1.8040181162649953,2.5720645903309767,164.36692383114908,7.565073768733775,4.164648314230705,3.3492291697361356,5.028760428388543,2.6309841342828224,8.643616036913475,3.736999688326315,10.287046048062367,1.7171906987982217,2.4741083119439717,24.925061226840114,3.9247573539652287,8.783730722246291,1.2868276037612625,10.422212680807899,1.3021328963903163,7.730375037230657,313.82284322683336,4.200396173516225,508.38000025425447,21.08636056445537,0.11999529986391415,0.0006529887487914362,0.013367756802195045,0.5434587063337879,4.296282381030764,6.012879595571565e-05,0.0032803324180672184,0.0008295752955428533,1.5872229457868188,0.004456544237764913,0.032940452935994374,0.0014004337964768456,0.0325115249742654,0.016556070005412114,0.0008003243530050317,0.01881615974400206,0.001452054816338653,0.00012171558402722286,0.00032641430240132297,1.4805522908808794e-05,19.4353365818372,12.202804220033567,2.1272212371735635,1.8318976266309368,2.365339821951087,187.0129136294079,6.2180760144701255,3.733564209937375,3.291550654191225,4.798330321375905,2.3186668985880328,8.689594815441707,4.14785016162619,8.367656672310439,1.6087445519708146,2.8452013006001216,27.939362444719425,4.132306105198609,7.476043976606227,1.2279927689618093,8.882222671275311,1.229876266366402,5.878477114023361,373.82633122399625,4.232784378065873,2.392,1
216.0,19.73354199607528,0.13300517008738919,0.0005773771973576554,0.014354431340542132,0.5037546319046223,4.219003425750461,5.9398627233271015e-05,0.003180277704482837,0.0008157564375369492,1.5900703929703315,0.004548032352384999,0.03109097490220364,0.0014116988318337391,0.030630655343730093,0.01770825865695945,0.0009626999333168992,0.021304242410914796,0.001521869774216234,0.00011695540425637702,0.0003046235924040422,1.3756586525063643e-05,18.442962641924034,13.476774567293116,2.1867900175822172,2.008706316422164,2.6067187357012074,175.91845558531452,7.997300940617982,4.2958745540184164,3.5431753994019224,5.324076481015471,2.7837353825817828,8.776128479664397,3.608194038894509,10.432643279128232,1.6373313913259706,2.5272566921349497,25.157238690701394,4.023301935753103,8.852629034381131,1.4070090965754556,10.974299601103883,1.3120495634297558,7.878090249958772,332.8751328827692,3.8409923579934655,537.0840002542544,21.97532548467825,0.11907604245376577,0.0005421039285745981,0.015192411585095435,0.5293879742112833,4.827090304411331,5.217963618101145e-05,0.003333950766081952,0.0007947192704039431,1.7112824444229637,0.004754122195696668,0.033752063576060115,0.0014793789064243604,0.031533971084285434,0.0173566974764199,0.0009049667778414157,0.021683904147423362,0.0014355299666174613,0.00012864671841862713,0.0002929393046763238,1.3988179633071608e-05,17.677934403978348,13.57986090510964,2.3086726374433515,2.1326393761520137,2.882275107920051,149.56521052711332,8.489207841207937,4.995652716784726,3.61499556744082,4.032667341400123,2.9527278701644617,9.71642983501178,2.601135119226397,10.381573057523752,1.8815048230901485,2.8343793162173383,24.15804898220943,3.6859391738170246,8.133040275852494,1.306708685977036,8.999407999450241,1.433172958922011,7.805507326073902,314.20277274811235,4.125108679554073,2.392,1
228.0,20.588639141569352,0.13917960727334916,0.0005789938624942871,0.014940293463373468,0.5092720065304821,4.604749542368907,5.7756380531425476e-05,0.0032584584345625015,0.0007907090023823167,1.6961676603340734,0.0045650602606095445,0.031084690243736394,0.0013743363999240694,0.030637557760973853,0.017738456664767067,0.000974973455337539,0.021361566367643293,0.001514928506558263,0.0001169995721565267,0.0002957270365763695,1.3756588303541331e-05,18.988057122566598,13.983532373224067,2.276578334553291,2.2286378154949538,2.6382816516897036,186.51082017238832,8.390325899809774,4.41050250748085,3.720575648307803,5.5904492469862985,2.928712478328745,8.896860016288825,3.5083889094561846,10.56615643872854,1.5680594756606347,2.575513355213445,25.316554380402756,4.112771943337718,8.915653495313524,1.5405984485163597,11.472990294121379,1.322173618457009,8.013016787915017,348.97955825881075,3.515085784287698,565.7880002542545,18.07824726061485,0.1460394982055067,0.0006107430690037354,0.015172816531079514,0.4409374746805445,4.908608805170427,5.3355348437050114e-05,0.003470436509150089,0.0007973133909266588,1.658465132915368,0.00412696109874989,0.03581783681462372,0.00134183063598852,0.026394098445812888,0.017882177513047465,0.0008329192444474934,0.021117408230977575,0.00159207253149733,0.00011209754677335407,0.0002952681071275388,1.585921646829811e-05,19.878677534675298,14.234906252596332,2.26604936690446,2.3446035650240344,2.7323260752790177,193.66906083203995,8.888559179960534,4.430769250711045,3.3430448913690167,5.57791498022296,2.7838067641480895,9.143995336773267,3.3005388181923947,11.893044285514033,1.5235745385680841,2.4787162343453106,25.030350430084503,4.491856221568951,8.974957454062439,1.619066013537619,13.01221361167489,1.3080293646730294,7.597712020722134,326.57056901731124,3.396404104545208,2.392,1
240.0,21.435744878578365,0.14475167415435417,0.0005804281857275507,0.015467810138788594,0.514456434971348,4.998805345742041,5.64433948767809e-05,0.003324629342416431,0.0007706104488612688,1.7967172583172903,0.004580240810131866,0.03107901564413167,0.0013440688209978677,0.03064267312833213,0.017763271617953345,0.000985775717009612,0.021405158432750305,0.001509202363604997,0.00011703544518546097,0.0002885948759434914,1.375658983272719e-05,19.447938220478463,14.450106690681103,2.37075078691773,2.4626626786557675,2.667153665647921,196.28570745840014,8.744925529456491,4.510950109823175,3.884341768988241,5.8277893410878745,3.0678102821317275,9.007408618609114,3.429541646604414,10.689108043710128,1.5076371108179099,2.61952477338791,25.414086100490167,4.194373754755492,8.97352758805457,1.6875255507168734,11.9298783078066,1.3324173542450157,8.136841084236424,362.5088008209959,3.2192800908973798,594.4920002542545,22.949127864319134,0.14666970932513157,0.0005914244315722287,0.015157459658643216,0.5250618524437396,4.680915463093754,4.6976911579161154e-05,0.0031925386157857813,0.0007858843642959052,2.089350084617006,0.004893192852081952,0.02952064889071137,0.001419313384882838,0.02503535272335034,0.017773897097890578,0.0010222328094541566,0.018385708041052846,0.0014401264883501168,0.00010456217009023018,0.00029203925675941805,1.253567262771297e-05,17.615792354066464,13.419533399562876,2.5973868968457268,2.4380933013166817,2.909685237374224,224.4851385610135,8.072636110869178,4.381416119393144,3.8934122190870646,5.602599828565191,2.893905077224138,7.9362960748260285,3.8269133257520975,10.181995605214238,1.3801141807680337,2.5257937903231187,26.88040743893657,4.752828294774964,10.554914964108256,1.5010153737769394,8.443740851446346,1.680743732531413,7.875320658939784,382.76784261206683,2.9176795038204735,2.392,1
