t(h),ACCOA(mmol.10-6cells),ADP(mmol.10-6cells),AKG(mmol.10-6cells),AMP(mmol.10-6cells),ATP(mmol.10-6cells),CIT(mmol.10-6cells),F6P(mmol.10-6cells),G6P(mmol.10-6cells),GAP(mmol.10-6cells),GLU(mmol.10-6cells),MAL(mmol.10-6cells),NAD(mmol.10-6cells),NADH(mmol.10-6cells),NADP(mmol.10-6cells),NADPH(mmol.10-6cells),OXA(mmol.10-6cells),PEP(mmol.10-6cells),PYR(mmol.10-6cells),R5P(mmol.10-6cells),SUC(mmol.10-6cells),X5P(mmol.10-6cells),ALA(mM),ARG(mM),ASN(mM),ASP(mM),CYS(mM),EGLC(mM),EGLN(mM),EGLU(mM),EPYR(mM),GLY(mM),HIS(mM),ILE(mM),LAC(mM),LEU(mM),LYS(mM),MET(mM),NH4(mM),PHE(mM),PRO(mM),SER(mM),THR(mM),TYR(mM),VAL(mM),mAB(mg/L),X(Mcells/mL),V(L),ACCOA(mmol.10-6cells)_noisy,ADP(mmol.10-6cells)_noisy,AKG(mmol.10-6cells)_noisy,AMP(mmol.10-6cells)_noisy,ATP(mmol.10-6cells)_noisy,CIT(mmol.10-6cells)_noisy,F6P(mmol.10-6cells)_noisy,G6P(mmol.10-6cells)_noisy,GAP(mmol.10-6cells)_noisy,GLU(mmol.10-6cells)_noisy,MAL(mmol.10-6cells)_noisy,NAD(mmol.10-6cells)_noisy,NADH(mmol.10-6cells)_noisy,NADP(mmol.10-6cells)_noisy,NADPH(mmol.10-6cells)_noisy,OXA(mmol.10-6cells)_noisy,PEP(mmol.10-6cells)_noisy,PYR(mmol.10-6cells)_noisy,R5P(mmol.10-6cells)_noisy,SUC(mmol.10-6cells)_noisy,X5P(mmol.10-6cells)_noisy,ALA(mM)_noisy,ARG(mM)_noisy,ASN(mM)_noisy,ASP(mM)_noisy,CYS(mM)_noisy,EGLC(mM)_noisy,EGLN(mM)_noisy,EGLU(mM)_noisy,EPYR(mM)_noisy,GLY(mM)_noisy,HIS(mM)_noisy,ILE(mM)_noisy,LAC(mM)_noisy,LEU(mM)_noisy,LYS(mM)_noisy,MET(mM)_noisy,NH4(mM)_noisy,PHE(mM)_noisy,PRO(mM)_noisy,SER(mM)_noisy,THR(mM)_noisy,TYR(mM)_noisy,VAL(mM)_noisy,mAB(mg/L)_noisy,X(Mcells/mL)_noisy,feed_rate,feed_state
0.0,0.0044,6.7e-05,1.9000000000000003e-07,3.1e-07,7e-06,0.0006,4.199999999999999e-08,5.6e-08,3.9999999999999993e-07,0.00022,1.5e-06,8.9e-06,7.5e-07,9.5e-07,9.299999999999999e-07,2e-07,8.799999999999999e-07,5e-07,2.4e-08,8e-08,3e-09,1.1100000000000003,6.06,11.17,4.47,2.5000000000000004,72.55,6.21,0.9700000000000001,0.23,0.65,1.5,8.170000000000002,5.22,10.84,5.749999999999999,2.23,2.12,3.42,8.98,10.7,5.199999999999999,2.32,7.62,0.0,4.0,270.0,0.0044,6.7e-05,1.9000000000000003e-07,3.1e-07,7e-06,0.0006,4.199999999999999e-08,5.6e-08,3.9999999999999993e-07,0.00022,1.5e-06,8.9e-06,7.5e-07,9.5e-07,9.299999999999999e-07,2e-07,8.799999999999999e-07,5e-07,2.4e-08,8e-08,3e-09,1.1100000000000003,6.06,11.17,4.47,2.5000000000000004,72.55,6.21,0.9700000000000001,0.23,0.65,1.5,8.170000000000002,5.22,10.84,5.749999999999999,2.23,2.12,3.42,8.98,10.7,5.199999999999999,2.32,7.62,0.0,4.0,0.81,0
12.0,0.003197716849186934,1.3753796141670266e-05,1.9362560101901313e-07,2.804748227552844e-06,8.439371891584678e-05,0.0004738154232968973,6.432243498420986e-08,2.9006057605538507e-07,2.242542357102609e-06,0.0002531435767751569,1.5709031147230338e-06,9.338860950378555e-06,7.435087448665319e-07,9.013741633869934e-06,4.608693648548354e-06,3.1759266105662573e-07,2.4388129898676936e-06,5.333461934374315e-07,2.992810760166014e-08,1.840279530436979e-07,4.333101276529147e-09,1.7069014157691684,6.643097661399915,10.353726532700103,3.8436208155258176,2.4887938659903948,129.99314808639937,6.237586726032088,0.8546651392012377,1.564846450190793,0.7977438852355346,1.6886673470847304,9.399936187178387,11.05878950959511,11.209648162789408,5.388478069600559,2.2262766060460333,3.4133387171579748,4.042207527211865,9.997568711926567,12.218316018783808,5.616217015651156,2.1637504026524055,9.141733528984153,5.89335839517374e-08,6.066292648831013,279.7199999999997,0.003395236437547322,1.3489266528233034e-05,1.6958464355085035e-07,2.794363153730857e-06,8.636847865864108e-05,0.0004542818659515293,6.31416796474391e-08,3.0078849568095136e-07,2.2008322798919228e-06,0.00022141938883369052,1.3477606776955267e-06,1.0984258505550677e-05,6.805040517199054e-07,8.939168257409364e-06,4.966315725615112e-06,2.99218124435446e-07,2.544002843884132e-06,5.271259137173939e-07,2.6662572608976602e-08,1.9758115697824704e-07,4.22975960209415e-09,1.8634350135782674,6.185124478602967,12.258492853245544,4.392463093060154,1.7505296626044529,144.15331800366837,6.358845291203228,0.8882076062494765,1.59115560392185,0.7328624846019938,1.7978877853617952,10.11735884093591,11.56989145476329,12.927302835930407,5.32751747270608,2.1963235519351922,3.237022131292454,3.756149721358299,11.030211217648496,10.711070039514029,5.00480482413935,2.0891575369173845,9.405460099897198,5.8884757407095555e-08,5.582234379827541,0.81,0
24.0,0.0026215674407863124,1.627715932854785e-05,1.9438871486886387e-07,2.8752734274906405e-06,9.629506742989614e-05,0.0004327987509993337,7.266841278694217e-08,3.1094207885233423e-07,1.1010224629661534e-06,0.0002841431151486034,1.578106061164649e-06,9.337998793853846e-06,7.24046408372627e-07,9.079688008349423e-06,4.71601084142024e-06,3.2249460912095484e-07,3.0363336088093146e-06,5.382073639063899e-07,3.1053985024459254e-08,1.758498161642505e-07,4.333148286734874e-09,2.6516799676669014,7.09266991904298,9.410247451141496,3.045962732956833,2.46851530975311,182.2727472264732,6.061699077475422,0.7484492546640604,2.7691929959752124,1.1212537562765847,1.7880951829855594,10.515544719439186,16.264222635048476,11.498350289092429,4.9999219204071785,2.210358198164364,5.27237795733017,4.600573157665593,10.920593048314142,13.353370436783347,5.732453391491701,1.9967552767346077,10.517478063836853,1.428999648373791e-07,8.539417596578529,289.4399999999997,0.003211794922310825,1.937374782249822e-05,1.8846554970059016e-07,2.387252172882174e-06,0.00011543864563757928,0.0004602179559045241,6.464185975723792e-08,2.8085881527400116e-07,1.1111865299774296e-06,0.0002681701337472305,1.7178546543574938e-06,1.1227260946409694e-05,8.944533254257071e-07,8.049056118238405e-06,5.8066556317000316e-06,3.554612391131936e-07,3.0855409002528504e-06,5.071457196199933e-07,2.825658324983102e-08,1.779150139249423e-07,4.489039591722475e-09,2.7983377458609997,6.058569140197286,8.747709821453148,3.037935742834616,2.345349459484411,192.97591802791962,6.110319874440141,0.689841867085674,3.4273692416152093,1.1915253646139266,1.4656654588801064,9.961403269993035,16.28128939061242,11.477892696082844,4.603559442390896,2.0457962378287005,5.079690960081962,4.7176847144276906,10.60777027787487,12.129240139956794,6.2304450149662856,1.8819085426247895,7.2839571558589675,1.5512438075459543e-07,9.116187100219754,0.81,0
36.0,0.002374726188813329,1.7403776389274488e-05,1.936235174839823e-07,2.7464920592299017e-06,0.00010365555541506951,0.0004351306577902331,7.455620533401454e-08,3.1368644406794704e-07,7.275166698954113e-07,0.00031970916533444644,1.5683485572211117e-06,9.33507323404753e-06,7.245148332326276e-07,9.086531933649908e-06,4.733700253812942e-06,3.182093349394913e-07,3.7232127950092383e-06,5.367934097417653e-07,3.211226721812981e-08,1.7623430789834127e-07,4.333187842659547e-09,3.9602296634236716,7.421620823788071,8.335456592339279,2.0772474756111636,2.443193938981992,230.17440486669196,5.7030217483805385,0.6712668819975839,3.8535916988815977,1.6348657584825288,1.8011743760195735,11.53565465415481,19.941808003921153,11.729492373972843,4.600924847074387,2.187417497617402,7.741375280895817,5.1083792335456275,11.766676056297198,14.109826000954525,5.574127309036497,1.8243921356333785,11.773010529756789,2.5480344669849824e-07,11.204815534049992,299.15999999999946,0.002125311034796099,1.6340418659132975e-05,1.8162481732530352e-07,2.5286414682618957e-06,0.00010557569594814305,0.0004131734476263186,7.989209183138077e-08,3.345299756980245e-07,7.167817894108909e-07,0.00030019901459993944,1.246554192685312e-06,9.462189712437256e-06,7.339216607450807e-07,9.637102693615516e-06,4.959497966315306e-06,3.1646312737969896e-07,3.9147430236844965e-06,5.375174538346363e-07,3.416666581263559e-08,1.751476589500468e-07,4.344220470056292e-09,4.104085432436114,8.035237063726676,9.739264642926528,2.20211591168933,2.421314206894905,222.5731491376065,4.822239836514555,0.6673136363166907,3.403646691607283,1.619797418120922,1.6861669538414887,11.298507355577849,20.92611750818468,11.703629121899061,4.676633662568061,2.462150360274355,8.088528192691932,5.0687874817213565,14.00999621739686,17.177296722603884,5.033894728341689,2.2270307774811973,11.063080885990566,2.85383396389747e-07,13.299539859062765,0.81,0
48.0,0.0023095246085868782,1.7755233055063182e-05,1.9260011814194517e-07,2.5675511525847336e-06,0.00010863428380655058,0.0004594412949298412,7.16090452041798e-08,3.045887901011371e-07,5.550274895970334e-07,0.0003607779401906499,1.5554348954454102e-06,9.331791457414827e-06,7.358842316241735e-07,9.094371732609843e-06,4.718096188129403e-06,3.0909038192251076e-07,4.446172049214801e-06,5.343961778979009e-07,3.299431852423779e-08,1.8121242279057933e-07,4.333218436569109e-09,5.600084206914939,7.648351759770772,7.142115035632819,0.9599438081915252,2.4165568455737434,274.3458713439802,5.1950411135278625,0.6382008996290159,4.826231896331873,2.2974948385806875,1.737182859930339,12.478015190057864,21.624706390609386,11.925315470296617,4.20769028954501,2.162235408117416,10.800901765799608,5.577695524191213,12.55175070042696,14.510999112006672,5.218870520832162,1.6524337492922183,12.932404713197426,3.9499814162727465e-07,13.863460496868033,308.87999999999937,0.0024058634349956778,1.6987361939521047e-05,1.871692669118728e-07,2.4888045327962535e-06,0.00010650307444970326,0.0005042902702708449,8.411641535062306e-08,2.491681261278502e-07,5.423551124097486e-07,0.0003299656096108914,1.4178560276390373e-06,9.378254957568442e-06,6.706682473957828e-07,9.206551011387382e-06,5.064238221087249e-06,3.146466278463877e-07,4.035078499356732e-06,5.205464024954064e-07,2.8149840843839778e-08,1.9721584490331853e-07,4.630546933620443e-09,5.180887961631723,8.097352187761963,7.487853934577484,1.0265877241131185,2.427607696869911,246.19638878579266,5.439925087571762,0.6128908807988864,4.085072838036082,2.726297952965341,1.4912494373979381,13.921557966118804,24.827568702545136,13.684511257265148,4.514005273967423,2.0145944212657,11.263604598877054,5.9429554094919785,12.338833648940636,15.163268232551202,4.694639689656073,1.9005115459607131,12.265280078473458,3.533546411757524e-07,11.476615466075302,0.81,0
60.0,0.0023711283740238133,1.2854243282135144e-05,2.168929280887729e-07,1.645184717869587e-06,0.0001177091063649439,0.000489572163996738,7.03924548093479e-08,2.1193204679805618e-07,5.626216929197319e-07,0.0004016002026504515,1.8251886257424287e-06,9.081820692195661e-06,1.0962978149435194e-06,9.224091443129305e-06,4.524761347675138e-06,2.481896651616346e-07,5.884150937797362e-06,5.050746739619989e-07,3.41305596228214e-08,4.75825954399225e-07,4.333268492794719e-09,7.449163334075719,7.7919655786083455,5.864737956220962,0.02278349774728379,2.394183447254759,315.53679594910733,4.5637668382754715,0.666146505800977,5.694896121022118,2.9856040186950095,1.6030348246692285,13.36374876021092,21.055627895763685,12.11661502092721,3.844584815476652,2.1419318020048506,14.40949004380867,6.024297263033851,13.295958162584993,14.604806370148717,4.842568402608815,1.4890264716113708,14.025168543916653,5.616087133810814e-07,16.21196628840001,318.5999999999994,0.002295319662543456,1.4042876797319718e-05,2.128008084973217e-07,1.763047898738708e-06,0.00010087259073990164,0.0004996531756936033,5.2972754938259363e-08,2.1644634256487055e-07,5.949539601803227e-07,0.0003996110551227707,1.60461117201014e-06,8.912908318961318e-06,9.561511252306531e-07,9.208231295603632e-06,5.337992037871049e-06,2.3637977557422056e-07,6.146017668425225e-06,6.178888033933487e-07,3.594050114331969e-08,4.679011724993927e-07,3.8057671566344514e-09,6.645412700826839,8.38429847913921,5.215269573057701,0.025659725774702564,2.2982371929225214,387.1677926477855,4.4344775727702155,0.5763024538683247,5.576539173735549,3.1982488373938565,1.584706749691739,14.261182422026852,24.370787402668203,13.067942876563354,2.749094556295387,2.1415231935931756,14.84067446186054,5.500528952500634,12.854493371012335,13.477930954462495,4.958241709907271,1.6135652119925064,17.48945400182521,4.6142270101442774e-07,16.482577028612546,0.81,0
72.0,0.0025732649231422757,1.2835891209673706e-05,2.1357694187512724e-07,1.5597116431110277e-06,0.00011964966618928835,0.000512154936779401,5.950978552430106e-08,1.9265095008850645e-07,5.067933934979107e-07,0.00043697774451726003,1.7895653314354447e-06,9.281922243522244e-06,1.109078830981772e-06,9.187487416983286e-06,4.376756575864955e-06,2.401413615965164e-07,6.523519794656584e-06,5.07169240590504e-07,3.464439160693367e-08,4.797779404033461e-07,4.333280046880322e-09,9.225791427612174,7.892579585963502,4.5957510754281055,0.021468462406833765,2.3871645564546444,355.14388829448404,3.8314704336348626,0.7777482700964619,6.4730790119363215,3.4909002939750544,1.4169239434072274,14.22703094104686,17.778817711865866,12.3614215867023,3.560953984287164,2.1406014209165023,18.428683129984023,6.475944499936137,14.033513404346907,14.52161179407643,4.753888834094003,1.350322923690102,15.100448045777858,7.453263452294706e-07,17.638167125182438,328.31999999999954,0.002928170040290872,1.3117393888116117e-05,2.053664337534906e-07,1.5553293325621792e-06,0.00011076288917626754,0.0005719874481495337,6.29011427047773e-08,1.916002981243929e-07,5.766087890871448e-07,0.0004228850045765125,1.6288514050415501e-06,1.103086923116302e-05,1.1081261166028485e-06,9.37089547878179e-06,4.013708971037973e-06,1.9664926355273239e-07,6.837674855619412e-06,5.30265742986797e-07,3.221749722243805e-08,3.4093865191336813e-07,5.008538616746118e-09,9.081991278295462,8.329555321504717,4.556272669579776,0.021210067968461057,2.4966993358661256,391.95922164868466,3.6034701448154616,0.8657323950251862,6.525002334087158,3.7171672363479304,1.3401099147730826,14.31644012127001,18.92059561553354,12.152419581026875,4.11504196714857,2.28241266529748,19.78782924009627,6.649404182810481,14.138256820345354,14.930157199174594,4.479689873656947,1.25053240324439,16.19049576642757,8.558944467711376e-07,20.47284480434758,0.81,0
84.0,0.0028073017256897395,1.3445629761026192e-05,2.098055076955219e-07,1.5836743219878483e-06,0.00012041347095610028,0.0005344243844026071,4.825758660228324e-08,1.7185000862786955e-07,4.599199749378639e-07,0.00047245170174728347,1.7439418028723264e-06,9.341573788365722e-06,1.047210735927512e-06,9.20152219121375e-06,4.241559733599121e-06,2.324336960732778e-07,6.89445634751672e-06,5.062402437965257e-07,3.494195745770303e-08,4.152222022599555e-07,4.333288278892271e-09,10.911584733941742,7.971042884853812,3.3580005248345204,0.019961840293379517,2.382576467919917,392.03562855627496,3.1670018223465335,0.9137073475815615,7.178357638231738,4.081218222237047,1.2214799025629905,15.044149898080464,13.96560535330594,12.600666309568476,3.3011596068342017,2.1419152836080104,22.478362344895626,6.906168277472733,14.734059114858109,14.271177114143292,4.574045827518896,1.2209159954811881,16.119861694233425,9.399991576876354e-07,18.86677967049163,338.0399999999995,0.0029303852622533147,1.2811230546577602e-05,1.9764006221554432e-07,1.5264078229550048e-06,0.00011890837564902265,0.00045099398927242083,4.8589902456739404e-08,2.118664429092372e-07,4.810665793036499e-07,0.0004901083797493843,1.5733920645220413e-06,1.0057006010485731e-05,1.0136772125440705e-06,9.901265020806603e-06,3.242677130375633e-06,2.8185413550877756e-07,7.617023727939706e-06,4.1793411048798205e-07,4.170779643876773e-08,4.070285165612902e-07,4.287612758420323e-09,11.858573498219277,8.938573473189187,3.231129286443009,0.02012867634869459,2.4229745031736503,410.55051718521673,3.081264577808092,0.7125938850169126,7.387973013690337,4.053217183493686,1.204724699977354,15.965382202820331,14.945290235619987,9.409412933995672,2.6955641070887926,2.7419327848140322,21.68562364668645,6.6212582787983685,16.125425700867527,15.469759123844208,4.217701488427011,1.1949747139619395,17.254928475348624,8.94325084238847e-07,19.4640010515251,0.81,0
96.0,0.0030655722444966134,1.4389113455495166e-05,2.066994865543798e-07,1.6472823815217268e-06,0.00012048515919777434,0.0005548559075809663,3.803936426985337e-08,1.4740970645701913e-07,4.193982667408219e-07,0.0005055594547010402,1.70655625409429e-06,9.376912025170885e-06,9.577924123996462e-07,9.250591592490007e-06,4.061062498384987e-06,2.245426408554771e-07,7.048400475308708e-06,5.013869836471116e-07,3.517586696845888e-08,3.460223564804338e-07,4.333295559886813e-09,12.432306886055285,8.041278821945612,2.2038469153308053,0.016992254155052025,2.3804583439277724,426.3099430231269,2.6226003474157875,1.068547495913983,7.817812848856409,4.756865102757083,1.0291112035263916,15.820143348058277,10.182275775555745,12.836585851432098,3.0648544680659384,2.145959451825386,26.419185431623912,7.31731035174902,15.401346556185214,13.880592213796174,4.305380306740539,1.1009338413975056,17.089559118550188,1.1433064882108392e-06,19.8997966409743,347.7599999999993,0.0025523063390902796,1.746126115527069e-05,2.0851600529099545e-07,1.9198791115175238e-06,0.00012813754263583276,0.0005619240960474725,3.886428056214967e-08,1.2211287358918743e-07,4.2039154337851653e-07,0.00041966581003882356,1.9761117642072426e-06,8.38146706376967e-06,9.025520315751805e-07,7.632771985959696e-06,3.919259036491429e-06,1.9874909042037246e-07,7.581623205767591e-06,5.507577860283894e-07,3.292219431887696e-08,3.559595871549061e-07,3.899664706382457e-09,13.913906711096722,7.699054246316004,2.361095997033562,0.014808754149280404,2.1177147557179135,440.0853492110562,2.867788996686418,1.192296605082711,8.15172232100124,5.3224558057215905,0.9908631192791385,12.94832469029795,10.382118205052816,13.393056988793548,2.4401849157759674,2.1062488768911964,24.555292129188963,7.655507578378593,13.728522550933054,14.890374456210054,3.9943715653790686,0.9960113651538617,15.455591290172457,1.2112649134273665e-06,20.962395266153813,0.81,0
108.0,0.003345865339826623,1.5743993479194326e-05,2.0499101711450477e-07,1.7477335994872655e-06,0.00011984529286756908,0.0005734852353595551,2.94643344293192e-08,1.1693557695457762e-07,3.770232938089097e-07,0.0005347481250926603,1.6859095481724527e-06,9.411184661895821e-06,8.485889423408728e-07,9.364831565713331e-06,3.7722225432731603e-06,2.1633566891334136e-07,6.949179342815518e-06,4.899337645161647e-07,3.533330693570518e-08,2.8280911989116157e-07,4.333303487010222e-09,13.727950182249906,8.11745425758517,1.2174003014724766,0.012215257304858007,2.3815848295674242,458.1214361995495,2.2344790824662812,1.239646895439271,8.39729387323717,5.521765394410732,0.8512948978797437,16.561095029957393,6.930141217231043,13.074604639800004,2.8547985551563646,2.153747632964572,30.101497196587523,7.713118041647682,16.040691555086752,13.38025908380808,3.9528289548338074,0.9912956688433394,18.017523250214104,1.3527807569800854e-06,20.696571520646167,357.4799999999991,0.0040558857036832,1.7248535570920513e-05,2.076566322654977e-07,1.4398331089238086e-06,0.00015462431908935933,0.0005548938294084402,2.990260463018181e-08,1.1221804373717987e-07,3.779095413745794e-07,0.0005314481421044456,1.655027988166358e-06,8.052058655099991e-06,7.771201636030736e-07,9.917441999396619e-06,4.190408731007637e-06,2.252318708903414e-07,6.493039736064418e-06,4.934392236291187e-07,3.8787353948570974e-08,2.7059733257537033e-07,4.3566268452662355e-09,15.475067745616903,8.336613332271362,1.0796542969204403,0.012746252280588549,2.4636596480890325,367.9343061049268,2.1958255266613143,1.134474118684662,7.769593237913069,5.530303720590555,0.9583922630285724,12.950959223462574,6.729623673236679,15.353935476789246,3.2919002891401745,2.118105718809686,29.441011878139115,7.811361267723255,17.598044844318483,15.722442304287801,3.53602914603926,1.019661539075176,18.15116358642561,1.2258467754644262e-06,19.15212128826596,0.81,0
120.0,0.0036501285330812444,1.58798654747593e-05,2.1770433286703554e-07,1.7070847662724445e-06,0.00012031036697803336,0.0006008855997903164,2.3623742074609148e-08,7.403883196786866e-08,3.708944031790515e-07,0.0005760259616440212,1.8283572393743836e-06,9.359101297937572e-06,8.350143018973808e-07,9.753540764570546e-06,3.1010619097805142e-06,2.181955195585139e-07,6.416937077128094e-06,4.4817259271126283e-07,3.5190936376656136e-08,3.140978916270753e-07,4.333313474993952e-09,13.201350914572934,10.819644472984432,0.4633269857835547,0.0054380035204715325,2.5020201647245757,663.9882804720526,4.437658378448985,1.2483252929979476,12.774324745281385,5.911021907593434,1.994207206453923,20.99666430452445,4.225710621974175,15.121975850256199,2.46287475398685,2.3431032895356174,29.525508846006122,10.07744736647891,19.747548820084543,20.338805943921738,6.7695877147496315,0.7807212832830105,23.587198082956032,80.87154384920211,18.496189273084426,419.9000000001303,0.003819938204372325,1.494148078839076e-05,2.4126570866145977e-07,1.3687391133262729e-06,0.00010990168020302187,0.0006204485205104751,2.5480697173511454e-08,7.848500550717054e-08,4.054836759813647e-07,0.0004756524351779674,2.2223003102019385e-06,9.86260274133788e-06,8.871558837638462e-07,9.661334448831964e-06,2.918837689222814e-06,1.9723278028348125e-07,6.767240716427585e-06,3.9347905624504194e-07,3.435012086274789e-08,3.341398245084921e-07,4.097951502396583e-09,14.119441639453106,11.09496267975634,0.4283285354509115,0.005056978026516821,2.301269445834884,703.3155545901222,4.528855287854066,1.0431132268520216,13.214058649864048,6.257528961070041,2.161557861200972,22.447055889368592,3.9784879229440917,13.506486319907784,2.4776579590109384,2.189515588277535,28.882564307046845,11.362211742833503,20.042239185945768,20.996833979169306,7.288248548147627,0.8289259107154314,25.80910961484739,77.63530890374572,20.007773800241672,6.08,1
132.0,0.003980645805930399,1.692273892469064e-05,2.2226056112266319e-07,1.7425646573734668e-06,0.00011954349554550986,0.0006382051117574316,1.820649460309329e-08,3.337371069248689e-08,3.0441279707728026e-07,0.0006448287697940507,1.888413956509989e-06,9.421538917445778e-06,7.547600912088737e-07,1.0934388793674575e-05,1.4802324816777064e-06,2.1510133848295788e-07,5.270938681279767e-06,4.054615599525379e-07,3.3488755978797645e-08,2.8782465131384696e-07,4.333323718426508e-09,12.781249887080458,13.0988814749329,0.1511512291669529,0.0019496805570837067,2.6135550839224555,839.736035696514,6.138713771104024,1.2622049208273334,16.494960437385053,6.732070284671244,2.935002690514414,24.78334530601938,2.6818996727039663,16.90613280064673,2.1745328762691503,2.514074203627466,28.756021591821675,12.101878434484465,22.914680204255276,26.474417992439793,8.7457881108028,0.6184752318833073,28.347469858492136,108.36596944398585,16.15318280842578,492.86000000013075,0.0047362239544553085,1.3650184879298404e-05,2.0010775531835005e-07,1.6507952636669258e-06,0.00012079420589498133,0.0007239073148522943,1.8825662910664012e-08,3.593706724929554e-08,2.6535053276204034e-07,0.000719723703291356,2.166914257980295e-06,9.327906743075854e-06,7.71573472531153e-07,9.82466345076758e-06,1.6792089908432623e-06,1.753482321731211e-07,5.023328824032173e-06,4.061156982539698e-07,3.230825090103986e-08,2.9804267521111735e-07,4.03809559477757e-09,14.050970486836832,12.227258347719825,0.14919673378165652,0.0020973470347991872,2.849934102273184,618.8316026090746,6.448976463413607,0.9186940928539562,15.482662780777787,6.033104407709331,2.4325067588248914,23.352808224795034,2.8022907717960797,18.683469566097816,1.863564913386437,2.80252434001208,26.19027422095564,15.214545806267612,25.248082399026767,28.087953152414528,7.66760219543029,0.5556160612025266,33.72633852544166,109.70081942928117,17.741619592558077,6.08,1
144.0,0.004354562829996742,2.442845418639147e-05,2.2061035237958336e-07,2.437097062159182e-06,0.00011146613290054389,0.0006864932974308626,1.1171889276846503e-08,1.2529748539022496e-08,1.699691935492118e-07,0.0007232351262358793,1.8714064896863196e-06,9.650501001002448e-06,4.93095738295908e-07,1.1834555789713979e-05,1.6541769457233445e-07,2.1921128287386937e-07,3.1621244603827996e-06,3.575360128770611e-07,2.0547092246306813e-08,1.5077399042835516e-07,4.333328184839327e-09,12.476158822269399,14.77500537432796,0.05004089664503968,0.0006770368094269888,2.701188754373382,970.6085457251316,7.429831304920841,1.2935653824000142,19.237519458027613,8.232372797078295,3.6093612302328557,27.601505531743783,1.6520008405156272,18.249610198952603,1.9776804577171887,2.646306479144206,28.11301590979607,13.614502374950247,25.277650744715388,31.027689812295844,9.362124853134974,0.5009653538624079,31.894391910219735,106.83198271782905,14.08964868814565,565.8200000001301,0.004000743494127195,2.624664223554129e-05,2.1191123726994213e-07,2.3548653999102657e-06,0.00010806180128328633,0.0006914425814277882,1.1990303117648425e-08,1.039378477450618e-08,1.4688159104003838e-07,0.0008555048459383581,1.8005564774957705e-06,1.0157274672961057e-05,4.794317194460758e-07,1.0788284911904583e-05,1.5671374003440242e-07,2.1303527727663575e-07,3.6733515021466785e-06,3.786373307321033e-07,2.427260613571031e-08,1.2243404052332494e-07,4.908017975259941e-09,8.614988293324215,14.469549016459688,0.048117930786539934,0.0006779124180193537,2.5338469552824834,956.7742437690406,7.827076674690224,1.1568300849007875,16.968057768315397,7.930547434760145,4.224452894900052,31.6256692161349,1.212765558139393,15.932384528951555,2.133779480685651,2.722322972516584,26.270628204712995,14.320165265950685,25.613361028501668,27.849626985439702,8.788142286152821,0.4107764025800208,32.76299564967602,98.40978898236689,12.923223017956746,6.08,1
156.0,0.004768637890309644,4.438397001193404e-05,2.1495786440670323e-07,4.3394492207131735e-06,8.96450199133207e-05,0.0007484916507306097,5.5278052624197735e-09,4.805057567191859e-09,7.809529988899297e-08,0.0007913071811872716,1.7968229072937257e-06,9.848740432001994e-06,2.6776017743846016e-07,1.1786014402564441e-05,4.2239702442458086e-08,2.285162168482763e-07,1.5100810941702928e-06,2.934929169660386e-07,8.596563885600596e-09,6.911555639218359e-08,4.333329518982965e-09,12.095663534794344,16.073165782775156,0.018317956262269997,0.00025917877706510025,2.7707627470890692,1072.2102303031716,8.735655652970442,1.3240380168212424,21.33714410749883,10.90898412849813,4.131147623346493,29.783671447118202,0.9977365127153625,19.298610033454374,1.8372797307934339,2.7505516125385965,27.269213146303734,14.785779472832631,27.105945461291387,34.558439129110916,8.335217624374577,0.4159975915885487,34.64134152677209,98.51890576662655,12.265062034978607,638.7800000001307,0.00496099128241033,4.284547393981169e-05,1.8134222936443102e-07,3.942671053785744e-06,8.91753779786198e-05,0.0006970536282431403,5.019279168564169e-09,4.064126077059068e-09,6.637645861290708e-08,0.000743424549442773,2.0470205173395487e-06,1.0824852870777707e-05,2.619743377222512e-07,9.220353705560632e-06,4.581497289633048e-08,2.2831035447022264e-07,1.5006939004656928e-06,3.260185125081971e-07,9.890450889455051e-09,7.62395375219609e-08,4.673566665638295e-09,10.83591950721874,15.250980624439023,0.021170471380481927,0.0003168152778155441,2.683123632551246,926.160680696708,8.270455243702376,1.4291595964497574,21.35225240616894,11.383409479517436,4.168428253993333,26.764864945516663,1.0790962809391458,17.452344876529807,1.8885827306450451,2.3873985509788316,22.96232043685611,14.734930403563864,29.61016307174144,33.692435244985774,8.872434309373842,0.43383056105973494,34.23320264396694,108.97318911938305,12.99846244574623,6.08,1
168.0,0.005186446755279643,7.061181363957174e-05,2.0859078218498596e-07,6.917210249593707e-06,6.0847033525103126e-05,0.0008192859131456489,2.95970707788655e-09,2.259758821184959e-09,4.177121296592775e-08,0.0008307879724766396,1.7160212257820545e-06,9.933617363319898e-06,1.697458096012848e-07,1.1750577244500703e-05,1.777851692179603e-08,2.2895328352072538e-07,7.9567660219362e-07,2.3321373950526647e-07,4.149382715899744e-09,4.2479610458670434e-08,4.333330676666895e-09,11.588137935535006,17.119377682133425,0.0075764893483982135,0.00011282854420005328,2.826714440391903,1153.6521739026127,10.259359845323662,1.34695687682836,22.99034503693613,14.303887780920002,4.559025548149269,31.524744974845547,0.6557759567942119,20.140367128629613,1.73317955673283,2.834158482091729,26.063929919038618,15.718299707666839,28.561080680738236,37.394125362392145,6.257244816773524,0.35406475358577594,36.83222242734523,89.76477247128282,10.686341726040325,711.7400000001312,0.006044181246880949,7.92974107278376e-05,2.5210872366454587e-07,5.973397528881507e-06,5.7489776984187904e-05,0.0007913397462650105,3.3352750092280647e-09,2.3063059323756196e-09,4.981576904306235e-08,0.0005959292867551372,1.939170025700626e-06,1.0521517843054302e-05,1.7631870679438577e-07,1.2864267591953764e-05,1.853065588244233e-08,2.1824486664146525e-07,7.242155109310407e-07,2.1964174240200993e-07,4.061739701386962e-09,3.547481038704151e-08,4.853947375586017e-09,12.749947831057426,16.361421734903274,0.008723298720367692,0.00011397320074273156,2.4569834726135187,1204.543175634337,10.847736225578677,1.391054372749243,24.46073402864124,15.085283940018057,4.188131836601293,29.36330844052662,0.5414510574207955,18.458576210303008,1.7615389466211058,2.568452043530623,25.471299853521572,15.877227877566234,28.42257666564846,40.34244996513754,7.464071193696398,0.33324400743037225,36.26346422623603,96.94069308525624,11.421961091474309,6.08,1
180.0,0.005527325010870853,8.491204765317745e-05,2.0571139223979455e-07,8.419372924516697e-06,4.504549270066581e-05,0.000885791716205587,2.185061133437483e-09,1.504720475008788e-09,3.0574920153588827e-08,0.0008462000713702298,1.677822587299331e-06,9.960572224818378e-06,1.3766407982120355e-07,1.1735653822401307e-05,1.1665825287251824e-08,2.225736350818807e-07,5.597110532206187e-07,1.9944840199970476e-07,2.7850194043108424e-09,3.570696558486262e-08,4.33333195640707e-09,11.034882926534786,17.984722760605404,0.0035197642728581227,5.46633816777977e-05,2.8724664834161073,1220.4615142289076,11.829011971170852,1.3615423162511713,24.326908005075655,17.01494532272663,4.920658267115196,32.94621035159057,0.4936480848385554,20.83023682816086,1.6529816511516935,2.9024520681859043,24.70197439745521,16.477851927807627,29.746160156505066,39.73541078885773,4.61996565269264,0.3075864059187005,38.620111370444455,81.94098711638422,9.352843993329847,784.7000000001307,0.005407341688334656,8.59800378086413e-05,1.927864590783492e-07,8.942326537537071e-06,4.425088861353355e-05,0.0008190259864278663,2.3227890247626758e-09,1.7503735823284136e-09,2.5428827010767056e-08,0.0008221615734635334,1.8773582294417163e-06,1.0780929110638662e-05,1.5490645606415733e-07,1.2130423231981026e-05,1.0035831506582356e-08,2.2946611692948456e-07,5.963028420761573e-07,2.0009946594498314e-07,3.192488431130308e-09,3.487718980158966e-08,4.276416445119915e-09,9.923406397896253,18.721726793751664,0.003869134350671258,5.56048355712617e-05,2.9448890761104423,1341.5134391155746,12.015205227279486,1.3622246236816875,28.18572201732979,20.201459915971107,5.705072366832374,27.642640267913873,0.5255265297030861,21.84723027974297,1.7856283625449307,3.394935590093718,24.00478753929699,19.01619999595191,33.700926342940974,42.832264109698016,4.803607962218626,0.3020547463849454,31.478715714443947,82.43457875928189,9.01719852366575,6.08,1
192.0,0.005782853211107079,9.012344322719916e-05,2.0548972359244668e-07,8.985427684805695e-06,3.926803358494222e-05,0.0009468488063110033,1.9610459148805407e-09,1.2647069531321197e-09,2.7123091138768054e-08,0.0008510872774750445,1.67153370668789e-06,9.969531169162657e-06,1.2682889563584425e-07,1.1730154735612498e-05,9.713521065416081e-09,2.1963308765089113e-07,4.7495657898057456e-07,1.8563926511891553e-07,2.347278571897676e-09,3.393244113956269e-08,4.333332748251529e-09,10.52158159063797,18.712715116141183,0.0018076074175739415,2.8867139867420627e-05,2.910500132153502,1276.1552350064132,13.242070569902246,1.3690581441099663,25.43563101506842,18.73862290653313,5.230522938306342,34.128255568025814,0.42945993528134213,21.405313345780975,1.5889762020123006,2.9592003104052287,23.414558025824117,17.108316337555898,30.729784942871007,41.71058560341482,3.7879319881654108,0.2713699186865899,40.10632189193412,75.19453835734897,8.236698757727732,857.6600000001306,0.006816821448274348,6.972028680238801e-05,2.6234285346657844e-07,8.849227192790107e-06,4.0267741409252133e-05,0.001018228991443258,1.7139156378583614e-09,1.124002617378844e-09,2.4605543830866224e-08,0.0009287092041115157,1.7321240743564001e-06,9.580443028898818e-06,1.202004600415347e-07,1.2151777558151295e-05,8.872655212747914e-09,2.2967265275063843e-07,5.486149647243628e-07,2.1439434678017655e-07,2.39125364279553e-09,3.203058315471769e-08,4.192482797536713e-09,10.453176750059168,15.901469836235622,0.001961385587952026,2.5591644041588953e-05,2.979342568255451,1324.4821369398117,13.99648818307073,1.161598349285578,21.035895414660427,15.904603241321347,6.104240239466471,34.76031701869309,0.44179304579759604,15.3623095351821,1.841791770524248,3.0126348131280474,21.65586587458922,17.005843518053638,25.85438104518024,46.19093381468379,3.9985093247933063,0.2727310935283331,39.512132593916654,62.28700122009087,9.166997946350136,6.08,1
204.0,0.005988907675773222,9.18964906065363e-05,2.0617873613164497e-07,9.18073490693979e-06,3.729963427571744e-05,0.0010061790099019003,1.8897380046665923e-09,1.1722878764704093e-09,2.5992298942305305e-08,0.0008521513014129435,1.6765187748559893e-06,9.972579058574216e-06,1.2308721983750578e-07,1.1728231165981588e-05,8.911781291051529e-09,2.1914385966245098e-07,4.3632413983469794e-07,1.801811063173034e-07,2.178153870997597e-09,3.348368090202475e-08,4.333333096229375e-09,10.072719183831863,19.33435680468563,0.0010080790203408749,1.637561851659588e-05,2.942591389030969,1323.2308040649139,14.451726189821379,1.3710755907032937,26.37443182842087,19.834482194771645,5.499561956548434,35.12640754057049,0.40493172898942426,21.891718467298066,1.5364967818765658,3.007073655625681,22.269170179507707,17.639969206841528,31.559233242751823,43.4057772486858,3.4440853165052148,0.24226014100572743,41.36097370846262,69.40413858801683,7.299943066815723,930.62000000013,0.006620407550618268,9.376694862831508e-05,2.181336421263163e-07,8.351593329384215e-06,3.465414928989919e-05,0.001058248818241828,1.7706731867575459e-09,1.2359440862426576e-09,2.8441759806668515e-08,0.000945517171623326,1.6294103669555486e-06,8.538469554981552e-06,1.1709510816334055e-07,1.0983895660097285e-05,1.0004962784187126e-08,2.1311805622832676e-07,3.828935832167164e-07,1.8725219651158197e-07,2.444152480811367e-09,3.604719339128762e-08,4.311193114899078e-09,10.543545510625686,19.575488439227666,0.0009943974929168791,1.579495856538812e-05,2.906362430217349,1465.9848606180194,17.016303366413158,1.4066131933579862,30.777948256280958,17.84477439290392,4.420725161356824,38.60419853120416,0.4311214413559581,21.05796050970334,1.7444393255787611,2.8454218553750197,18.329101549509442,16.90137334121789,32.91176615850257,45.6294060384454,3.771946594748065,0.2636909894734347,36.685984162148706,64.33792262096438,6.884967585659892,6.08,1
216.0,0.006172824344914411,9.239612321880745e-05,2.0703734422219374e-07,9.237841292999268e-06,3.6742872708018524e-05,0.0010655445708703621,1.8654769268633917e-09,1.1273415017422235e-09,2.5621287013225768e-08,0.0008521064088315532,1.6840106930259226e-06,9.973401840796877e-06,1.2199530380203593e-07,1.1727603783705553e-05,8.485719164301124e-09,2.1945715327650925e-07,4.137470967998241e-07,1.7780399114474905e-07,2.095735436691842e-09,3.3450176027626147e-08,4.33333323449288e-09,9.683193255874173,19.87254381496222,0.0006012296383512199,9.863229751897883e-06,2.97002375780633,1363.5267614444272,15.475116944680133,1.3689232850707354,27.18186414155133,20.584406973130783,5.736402139393908,35.98040332230628,0.39505559616174846,22.308391445818632,1.4926352829078844,3.0479936825237846,21.263196007649746,18.094334899900552,32.26809872465757,44.881380989201745,3.3368899977179116,0.21834976419540922,42.43418379864217,64.41117254285113,6.507581892097288,1003.5800000001311,0.006887747065060731,0.00010660481653479998,2.225454116827051e-07,9.41523930439696e-06,4.259509806385819e-05,0.0009608782361325237,1.9535258182743924e-09,1.1016944579080046e-09,2.7908578187251727e-08,0.0008404059531072126,1.8228040386653477e-06,1.0618767096444227e-05,1.2632968209211502e-07,1.278460539813296e-05,8.984004031707528e-09,2.373686732429432e-07,3.7485798651333453e-07,1.7888586691755518e-07,2.0853463344754595e-09,3.096724357088174e-08,3.767330601432051e-09,10.816116242787672,20.229006731174632,0.0005341768684071289,8.295168985887908e-06,2.5042116703877593,1490.4249768769619,14.92852674365952,1.3977497667746133,29.405372722638752,20.537086473123907,5.1787547894144135,36.94948239212949,0.4449374716535068,23.605257347711163,1.4542697578047432,2.75175981238735,23.845775254646952,18.192557833685935,31.331930340158667,48.205313580000684,3.264712448002306,0.18861461443888045,39.560502073778984,51.14517987718956,6.644224618711093,6.08,1
228.0,0.006349240385438773,9.238902798936751e-05,2.0784691852150917e-07,9.240117024361821e-06,3.6747682386319575e-05,0.0011254347421584654,1.8572862883061297e-09,1.0998795523931365e-09,2.5521014838587673e-08,0.0008520941900202993,1.6913421478110244e-06,9.973309826687439e-06,1.2197596849913682e-07,1.1727449349847434e-05,8.204630017759914e-09,2.199366309932606e-07,3.9778514719729884e-07,1.76607809380214e-07,2.0453101506787425e-09,3.3560049190098105e-08,4.333333289790004e-09,9.34210215423556,20.344208226788087,0.0003789779621834489,6.250990326386312e-06,2.9937403683711445,1398.4074704561467,16.342068229265077,1.363619158575898,27.885035009181376,21.13527881663052,5.947561710700445,36.719357895702466,0.3908527567293445,22.669306412852904,1.4554382181856584,3.083369673263447,20.377366684923498,18.487118307269952,32.88088683609233,46.181211442398805,3.3416490605106053,0.19839221150635541,43.36264248882871,60.07403169890537,5.831331823839253,1076.540000000131,0.004928753185865324,0.00010250268307040604,2.05688680067773e-07,9.821031330965576e-06,4.177916235647778e-05,0.0010028687022969615,1.761188878365733e-09,1.0739802115500682e-09,3.130767688221348e-08,0.000992886011367831,1.7844627827486303e-06,1.137882087716372e-05,1.3919421539715435e-07,1.1051207085581056e-05,9.018236975110702e-09,2.017777344558232e-07,3.9722850816918134e-07,1.7745719021309703e-07,1.8648763265960966e-09,3.678296206240247e-08,4.71475459559506e-09,9.485363145374897,20.977252553148528,0.00037021718752359593,6.673021405506005e-06,3.015378981557048,1190.0047721745007,16.52783278920264,1.202386294838132,27.335300666775687,18.92211414937254,5.912276000113433,41.92036394844318,0.3851631373997562,19.34445784606537,1.2276211820631344,3.212686077814234,16.76696865055929,22.01094485172123,35.1078624729859,50.003738666798505,3.701582026331465,0.20012912853458426,37.257047193668136,61.18948849336029,6.319672974906088,6.08,1
240.0,0.006525559000182424,9.216416468216484e-05,2.0856057706001518e-07,9.218962096305542e-06,3.6993696360582454e-05,0.0011858992475795795,1.8551592091299067e-09,1.0799368414165882e-09,2.5525591605568234e-08,0.0008526111961752639,1.697875302757077e-06,9.972812209951392e-06,1.224242196654315e-07,1.1727470036421416e-05,7.990774705715207e-09,2.203888741870269e-07,3.850990677244019e-07,1.7590655172637999e-07,2.0086502797897238e-09,3.372136708797015e-08,4.333333312904506e-09,9.03959319026277,20.76200245074241,0.0002502067454622764,4.138686520413855e-06,3.014447387106025,1428.8986630951256,17.080564618334,1.3559245246145526,28.503835561238482,21.560455001556573,6.137918202077955,37.36505919078859,0.38903081770485287,22.98495915416164,1.423515305561411,3.1142559026649557,19.59159440163984,18.83004328467719,33.41588941067386,47.33791561360123,3.401579358615617,0.18151758012288263,44.17379340061724,56.2769402710823,5.249212173346043,1149.500000000131,0.006702874612249354,7.726452582402412e-05,1.9319778374050089e-07,9.709168079622399e-06,3.6218286653869727e-05,0.0011099696492717203,1.8616766141729191e-09,9.724252338369699e-10,2.616859537384014e-08,0.001002907674341379,1.814408193777545e-06,1.0015143586197968e-05,1.3814970937411469e-07,1.1795447906881193e-05,7.1780498842229915e-09,2.0983855735562364e-07,3.9397746120215414e-07,1.6937967241895007e-07,2.058747125006535e-09,3.123147540068308e-08,4.770080041445257e-09,8.980314367008708,18.705707203908418,0.00026135023075974197,4.041291407958784e-06,2.901776816098672,1525.3876007792228,13.668820763802199,1.2090414197206427,30.341426210877216,24.413330323953765,7.132836976928025,47.07895502314085,0.45003341897833,20.591396529156427,1.5062377755698408,3.3578831824658057,18.434275301227935,19.79874725746675,31.7765544115865,48.836252691586374,3.186157965005981,0.17734532357810293,42.42798593129572,53.586108824655064,3.977969581808765,6.08,1
