Name,ATP,A,C,D,E,F,G,H,I,K,L,M,N,P,Q,R,S,T,V,W,Y
satralizumab,0.027466227266101165,9.067063343304092e-05,3.487332055116959e-05,6.974664110233918e-05,8.369596932280702e-05,5.579731288187134e-05,0.00010461996165350876,2.789865644093567e-05,4.882264877163742e-05,7.67213052125731e-05,0.00011159462576374268,6.974664110233917e-06,4.882264877163742e-05,6.974664110233918e-05,9.067063343304092e-05,3.487332055116959e-05,0.0002301639156377193,0.00012554395398421052,9.764529754327484e-05,1.3949328220467835e-05,6.974664110233918e-05
naxitamab,0.027396863268579697,9.6955532295277e-05,3.462697581974178e-05,5.5403161311586855e-05,8.310474196738027e-05,6.925395163948356e-05,8.310474196738027e-05,1.3850790327896714e-05,4.1552370983690136e-05,8.310474196738027e-05,8.310474196738027e-05,6.925395163948357e-06,4.84777661476385e-05,6.232855647553521e-05,0.00010388092745922535,4.84777661476385e-05,0.00021468725008239904,0.00012465711295107042,0.00012465711295107042,1.3850790327896714e-05,6.925395163948356e-05
emicizumab,0.02717866053035653,8.958483440533339e-05,3.445570554051284e-05,7.580255218912825e-05,8.269369329723083e-05,4.823798775671798e-05,8.269369329723083e-05,1.3782282216205137e-05,5.512912886482055e-05,8.958483440533339e-05,0.00010336711662153852,6.8911411081025685e-06,4.134684664861541e-05,8.269369329723083e-05,0.0001102582577296411,6.202026997292312e-05,0.00019984309213497449,0.00011714939883774366,9.647597551343595e-05,1.3782282216205137e-05,6.891141108102568e-05
ravulizumab,0.027384356303632666,9.661819260354267e-05,3.450649735840809e-05,6.901299471681618e-05,6.901299471681618e-05,5.521039577345295e-05,0.00010351949207522429,1.3802598943363238e-05,4.8309096301771334e-05,8.971689313186105e-05,0.00011732209101858752,6.901299471681619e-06,6.901299471681618e-05,7.591429418849781e-05,8.971689313186105e-05,3.450649735840809e-05,0.00019323638520708534,0.00013112468996195076,0.00010351949207522429,1.3802598943363238e-05,6.211169524513456e-05
secukinumab,0.027233888860817825,9.465601888069751e-05,4.056686523458465e-05,5.408915364611286e-05,8.11337304691693e-05,5.408915364611286e-05,0.00010141716308646162,1.3522288411528215e-05,4.056686523458465e-05,6.761144205764108e-05,0.00012170059570375393,,3.380572102882054e-05,8.11337304691693e-05,9.465601888069751e-05,6.761144205764108e-05,0.00022311775879021555,0.00011493945149798983,8.78948746749334e-05,1.3522288411528215e-05,6.761144205764108e-05
Adalimumab,0.027419770238672536,0.00010334084260806233,3.444694753602078e-05,6.20045055648374e-05,6.20045055648374e-05,4.8225726550429086e-05,8.956206359365402e-05,1.3778779014408312e-05,4.8225726550429086e-05,8.956206359365402e-05,0.00010334084260806233,6.889389507204156e-06,4.8225726550429086e-05,7.578328457924571e-05,0.00010334084260806233,6.20045055648374e-05,0.00020668168521612465,0.0001240090111296748,0.00010334084260806233,1.3778779014408312e-05,7.578328457924571e-05
Bamlanivimab,0.0273906289290696,8.87975501441159e-05,3.415290390158304e-05,6.147522702284947e-05,6.147522702284947e-05,5.464464624253287e-05,8.19669693637993e-05,1.3661161560633217e-05,4.781406546221626e-05,8.87975501441159e-05,0.00010245871170474913,6.830580780316609e-06,3.415290390158304e-05,7.513638858348269e-05,0.00010928929248506574,4.781406546221626e-05,0.0002459009080913979,0.00012978103482601556,9.562813092443252e-05,1.3661161560633217e-05,6.830580780316608e-05
atoltivimab,0.027313428460058485,8.96200328068552e-05,3.4469243387252e-05,6.204463809705361e-05,6.204463809705361e-05,6.204463809705361e-05,8.27261841294048e-05,2.06815460323512e-05,6.204463809705361e-05,8.96200328068552e-05,0.00011030157883920641,6.893848677450401e-06,4.13630920647024e-05,8.27261841294048e-05,0.00011030157883920641,4.13630920647024e-05,0.0002343908550333136,0.0001309831248715576,8.27261841294048e-05,1.3787697354900801e-05,6.204463809705361e-05
anifrolumab,0.027350656350904896,0.00010339209810069895,3.4464032700232984e-05,6.203525886041937e-05,8.271367848055916e-05,6.203525886041937e-05,9.649929156065236e-05,1.3785613080093194e-05,4.824964578032618e-05,6.892806540046597e-05,0.00012407051772083874,,3.4464032700232984e-05,7.582087194051257e-05,9.649929156065236e-05,6.892806540046597e-05,0.0002205698092814911,0.00012407051772083874,8.960648502060576e-05,1.3785613080093194e-05,6.203525886041937e-05
enfortumab ,0.02751554711333568,0.00010417294464917596,3.4724314883058655e-05,6.250376678950557e-05,6.250376678950557e-05,6.944862976611731e-05,0.00010417294464917596,1.388972595322346e-05,4.8614040836282116e-05,9.028321869595249e-05,9.028321869595249e-05,6.94486297661173e-06,4.166917785967038e-05,8.333835571934076e-05,0.00010417294464917596,4.166917785967038e-05,0.00022223561525157537,0.00012500753357901114,0.00010417294464917596,2.083458892983519e-05,5.555890381289384e-05
sacituzumab,0.0273971959468954,0.00010310033597677647,3.436677865892549e-05,7.560691304963608e-05,6.186020158606588e-05,5.498684585428078e-05,8.248026878142117e-05,2.0620067195355294e-05,5.498684585428078e-05,9.622698024499138e-05,0.00010310033597677647,,3.436677865892549e-05,7.560691304963608e-05,9.622698024499138e-05,4.124013439071059e-05,0.00021307402768533804,0.00011684704744034667,0.00011684704744034667,1.3746711463570195e-05,7.560691304963608e-05
crizanlizumab,0.027305865973136195,8.892190822915093e-05,3.4200733934288816e-05,8.208176144229316e-05,7.52416146554354e-05,5.4721174294862106e-05,9.576205501600868e-05,2.052044036057329e-05,4.104088072114658e-05,9.576205501600868e-05,0.00010260220180286645,1.3680293573715526e-05,5.4721174294862106e-05,7.52416146554354e-05,9.576205501600868e-05,3.4200733934288816e-05,0.0002257248439663062,0.00011628249537658198,0.00010260220180286645,1.3680293573715526e-05,6.840146786857763e-05
ipilimumab,0.02756758424135744,9.119711232963237e-05,4.5598556164816186e-05,5.862671506904938e-05,7.816895342539916e-05,5.862671506904938e-05,0.00018890830411138134,1.3028158904233196e-05,4.5598556164816186e-05,7.165487397328257e-05,0.00013679566849444854,,4.5598556164816186e-05,9.119711232963237e-05,0.00011073935068598216,7.165487397328257e-05,0.0002670772575367805,0.00011725343013809876,9.119711232963237e-05,1.954223835634979e-05,8.468303287751578e-05
brodalumab,0.027299952119049998,0.00011108830974181076,3.4715096794315864e-05,6.248717422976855e-05,7.63732129474949e-05,6.248717422976855e-05,9.025925166522125e-05,1.3886038717726345e-05,3.4715096794315864e-05,7.63732129474949e-05,0.00010414529038294759,6.943019358863173e-06,4.860113551204221e-05,8.331623230635807e-05,9.720227102408442e-05,5.554415487090538e-05,0.00021523360012475835,0.0001249743484595371,0.00011108830974181076,2.0829058076589517e-05,5.554415487090538e-05
guselkumab,0.027682725950140177,0.00011842132389340287,3.4829801145118495e-05,4.876172160316589e-05,6.269364206121328e-05,2.7863840916094795e-05,0.00013235324435145027,2.0897880687071094e-05,3.4829801145118495e-05,8.359152274828438e-05,0.00011145536366437918,,3.4829801145118495e-05,0.00011145536366437918,7.662556251926068e-05,2.7863840916094795e-05,0.00023684264778680574,0.00013931920458047398,0.00011842132389340287,2.7863840916094795e-05,6.269364206121328e-05
amivantamab,0.027371255266109677,0.00010331374660081658,3.443791553360553e-05,6.198824796048995e-05,6.198824796048995e-05,6.887583106721105e-05,8.953858038737437e-05,2.0662749320163318e-05,5.5100664853768845e-05,8.265099728065327e-05,0.00011020132970753769,6.887583106721106e-06,4.821308174704774e-05,7.576341417393216e-05,9.642616349409547e-05,4.821308174704774e-05,0.00022729024252179648,0.00011708891281425879,9.642616349409547e-05,2.0662749320163318e-05,4.821308174704774e-05
belantamab,0.0272976926020615,7.533231776785663e-05,3.424196262175301e-05,6.848392524350603e-05,6.163553271915542e-05,5.4787140194804824e-05,8.218071029220723e-05,2.0545177573051807e-05,4.7938747670454216e-05,9.587749534090843e-05,0.00011642267291396025,6.848392524350603e-06,5.4787140194804824e-05,7.533231776785663e-05,0.00010272588786525903,4.1090355146103614e-05,0.0002191485607792193,0.00012327106543831085,8.902910281655783e-05,2.0545177573051807e-05,7.533231776785663e-05
idarucizumab,0.02784958778866083,9.422792860825093e-05,5.234884922680607e-05,0.00011516746829897336,0.00010469769845361214,9.422792860825093e-05,0.0001570465476804182,4.1879079381444855e-05,5.234884922680607e-05,0.00014657677783505699,0.0002093953969072243,1.0469769845361214e-05,5.234884922680607e-05,0.00012563723814433458,0.00012563723814433458,8.375815876288971e-05,0.0003245628652061976,0.00017798608737114064,0.00019892562706186307,2.0939539690722427e-05,0.00010469769845361214
maftivimab ,0.02753159173296384,9.033586383859918e-05,3.4744563014845836e-05,6.254021342672251e-05,6.254021342672251e-05,6.254021342672251e-05,8.338695123563001e-05,1.3897825205938335e-05,4.864238822078417e-05,8.338695123563001e-05,0.00011813151425047585,6.948912602969168e-06,4.1693475617815005e-05,6.948912602969167e-05,0.00011118260164750668,4.864238822078417e-05,0.00025016085370689004,0.00012508042685344502,9.033586383859918e-05,1.3897825205938335e-05,6.254021342672251e-05
polatuzumab ,0.02744865755460849,8.952146217007285e-05,3.443133160387417e-05,8.263519584929801e-05,8.263519584929801e-05,6.197639688697351e-05,8.952146217007285e-05,1.377253264154967e-05,4.1317597924649006e-05,9.640772849084768e-05,0.00011706652745317218,,5.509013056619868e-05,7.574892952852318e-05,0.00010329399481162251,3.443133160387417e-05,0.00022724678858556955,0.00011706652745317218,0.00010329399481162251,1.377253264154967e-05,6.197639688697351e-05
obinutuzumab,0.027372040987278086,6.836174072746776e-05,3.418087036373388e-05,6.152556665472098e-05,8.20340888729613e-05,4.7853218509227426e-05,0.00010254261109120163,2.0508522218240325e-05,4.7853218509227426e-05,8.887026294570808e-05,0.00013672348145493552,1.3672348145493551e-05,5.4689392581974203e-05,8.887026294570808e-05,8.20340888729613e-05,4.101704443648065e-05,0.00020508522218240326,0.00010937878516394841,0.00012305113330944196,1.3672348145493551e-05,7.519791480021452e-05
margetuximab,0.027291386871437045,8.914272093685466e-05,3.4285661898790255e-05,7.542845617733856e-05,6.171419141782246e-05,6.857132379758051e-05,8.228558855709662e-05,3.4285661898790255e-05,4.114279427854831e-05,9.599985331661271e-05,7.542845617733856e-05,1.3714264759516102e-05,4.114279427854831e-05,6.857132379758051e-05,8.914272093685466e-05,4.7999926658306355e-05,0.00019199970663322542,0.00014399977997491906,0.00013028551521540298,1.3714264759516102e-05,6.857132379758051e-05
imdevimab),0.027702340590964245,0.00011103142521428555,3.4697320379464234e-05,4.163678445535708e-05,6.245517668303562e-05,2.7757856303571387e-05,0.0001179708892901784,2.081839222767854e-05,4.163678445535708e-05,9.021303298660702e-05,9.021303298660702e-05,6.939464075892847e-06,4.857624853124993e-05,9.715249706249986e-05,7.633410483482132e-05,2.081839222767854e-05,0.00025676017080803533,0.0001457287455937498,0.00011103142521428555,2.7757856303571387e-05,6.939464075892847e-05
tafasitamab,0.0272482686948085,7.463420210231412e-05,3.392463731923369e-05,5.427941971077391e-05,8.82040570300076e-05,6.106434717462065e-05,8.82040570300076e-05,2.0354782391540215e-05,4.070956478308043e-05,8.141912956616086e-05,0.00013569854927693477,2.0354782391540215e-05,6.784927463846738e-05,8.141912956616086e-05,8.82040570300076e-05,4.749449224692717e-05,0.0002103327513792489,0.00011534376688539455,9.498898449385434e-05,1.3569854927693477e-05,6.784927463846738e-05
necitumumab,0.027526778431261688,0.00011739970730844172,3.4529325678953445e-05,5.524692108632552e-05,8.287038162948828e-05,5.524692108632552e-05,9.668211190106965e-05,2.071759540737207e-05,4.143519081474414e-05,7.596451649369759e-05,0.00011739970730844172,6.90586513579069e-06,4.143519081474414e-05,8.287038162948828e-05,8.287038162948828e-05,5.524692108632552e-05,0.00021408181920951137,0.0001243055724442324,8.977624676527896e-05,1.381173027158138e-05,6.905865135790689e-05
sarilumab,0.027454755582983537,9.716040903988107e-05,3.470014608567181e-05,6.246026295420925e-05,6.940029217134362e-05,6.246026295420925e-05,9.716040903988107e-05,1.3880058434268723e-05,4.858020451994053e-05,9.02203798227467e-05,0.00010410043825701543,6.9400292171343615e-06,4.1640175302806174e-05,7.634032138847798e-05,0.00010410043825701543,4.1640175302806174e-05,0.00024290102259970266,0.00011104046747414978,9.716040903988107e-05,2.0820087651403087e-05,6.246026295420925e-05
arcitumomab,0.027176287785983917,9.690983927757893e-05,3.461065688484962e-05,5.537705101575939e-05,6.922131376969924e-05,4.153278826181954e-05,8.9987707900609e-05,2.7688525507879694e-05,6.22991823927293e-05,8.9987707900609e-05,6.922131376969924e-05,1.3844262753939847e-05,6.22991823927293e-05,8.306557652363908e-05,5.537705101575939e-05,4.8454919638789465e-05,0.0002491967295709172,0.00014536475891636837,7.614344514666915e-05,3.461065688484962e-05,6.922131376969924e-05
vedolizumab,0.027357586547721004,6.812148044751246e-05,3.406074022375623e-05,6.13093324027612e-05,7.493362849226371e-05,5.449718435800997e-05,0.00010899436871601994,2.0436444134253736e-05,4.087288826850747e-05,8.85579245817662e-05,0.00011580651676077117,6.812148044751246e-06,4.768503631325872e-05,8.85579245817662e-05,9.537007262651743e-05,4.768503631325872e-05,0.00021798873743203987,0.00010899436871601994,0.0001226186648055224,1.3624296089502492e-05,7.493362849226371e-05
daratumumab ,0.02746450389272135,0.00011007817191471483,3.439942872334839e-05,5.5039085957357415e-05,8.255862893603612e-05,5.5039085957357415e-05,8.255862893603612e-05,1.3759771489339354e-05,4.127931446801806e-05,7.567874319136644e-05,0.00011695805765938451,,4.815920021268774e-05,8.94385146807058e-05,9.631840042537548e-05,6.19189717020271e-05,0.00021327645808476,0.00011695805765938451,9.631840042537548e-05,2.063965723400903e-05,6.19189717020271e-05
siltuximab,0.02737631950658758,9.658983696880698e-05,3.449637034600249e-05,4.829491848440349e-05,7.589201476120548e-05,4.139564441520299e-05,9.658983696880698e-05,1.3798548138400997e-05,4.829491848440349e-05,8.279128883040598e-05,9.658983696880698e-05,2.7597096276801995e-05,4.139564441520299e-05,7.589201476120548e-05,8.279128883040598e-05,4.139564441520299e-05,0.00024147459242201746,0.00011038838510720798,0.00010348911103800748,2.0697822207601494e-05,8.969056289960649e-05
faricimab,0.0273491735273489,7.524785112577237e-05,3.4203568693532896e-05,6.840713738706579e-05,6.15664236483592e-05,6.15664236483592e-05,8.208856486447894e-05,2.0522141216119735e-05,4.788499617094605e-05,8.892927860318553e-05,0.00010261070608059867,,4.788499617094605e-05,7.524785112577237e-05,0.00010261070608059867,3.4203568693532896e-05,0.00023258426711602367,0.00012997356103542498,0.00010945141981930526,2.0522141216119735e-05,6.840713738706579e-05
elotuzumab,0.027329021145174184,8.940042146131464e-05,3.438477748512102e-05,7.564651046726624e-05,6.189259947321783e-05,4.813868847916942e-05,8.940042146131464e-05,2.063086649107261e-05,4.813868847916942e-05,9.627737695833884e-05,8.940042146131464e-05,6.876955497024203e-06,3.438477748512102e-05,7.564651046726624e-05,0.00010315433245536305,4.126173298214522e-05,0.0002063086649107261,0.00013066215444345987,0.00012378519894643567,2.063086649107261e-05,7.564651046726624e-05
romosozumab,0.02724881009561464,7.542448692797207e-05,3.428385769453276e-05,7.542448692797207e-05,6.171094385015896e-05,5.485417231125241e-05,9.599480154469172e-05,1.3713543077813103e-05,4.799740077234586e-05,8.913803000578517e-05,0.00011656511616141137,6.8567715389065514e-06,4.799740077234586e-05,7.542448692797207e-05,9.599480154469172e-05,4.799740077234586e-05,0.0002125599177061031,0.0001302786592392245,9.599480154469172e-05,1.3713543077813103e-05,7.542448692797207e-05
Bebtelovimab,0.0276793541517265,0.00013213762032231245,3.4773057979555904e-05,4.8682281171378266e-05,6.954611595911181e-05,3.4773057979555904e-05,0.00010431917393866771,2.0863834787733544e-05,4.172766957546709e-05,8.345533915093418e-05,8.345533915093418e-05,6.954611595911181e-06,4.172766957546709e-05,9.736456234275653e-05,7.650072755502299e-05,2.0863834787733544e-05,0.0002573206290487137,0.0001460468435141348,0.00010431917393866771,2.0863834787733544e-05,6.954611595911181e-05
cilgavimab,0.027353314642456415,9.395152232443323e-05,3.355411511586901e-05,6.0397407208564216e-05,8.052987627808562e-05,4.697576116221661e-05,8.724069930125942e-05,1.3421646046347603e-05,4.026493813904281e-05,9.395152232443323e-05,0.00011408399139395463,1.3421646046347603e-05,6.0397407208564216e-05,6.710823023173802e-05,9.395152232443323e-05,4.026493813904281e-05,0.00021474633674156164,0.00010737316837078082,0.00010737316837078082,2.0132469069521404e-05,8.052987627808562e-05
galcanezumab,0.027422311540333335,8.330828822379747e-05,3.471178675991561e-05,7.636593087181436e-05,6.248121616784811e-05,5.5538858815864984e-05,0.00010413536027974685,2.0827072055949368e-05,4.859650146388186e-05,0.00010413536027974685,0.00010413536027974685,6.942357351983123e-06,4.1654144111898736e-05,8.330828822379747e-05,9.02506455757806e-05,4.1654144111898736e-05,0.00021521307791147682,0.00012496243233569622,9.719300292776372e-05,1.3884714703966246e-05,7.636593087181436e-05
casirivimab,0.02741142617899864,8.953480912738251e-05,3.443646504899327e-05,7.57602231077852e-05,6.887293009798654e-05,5.5098344078389234e-05,9.642210213718117e-05,1.3774586019597309e-05,5.5098344078389234e-05,8.953480912738251e-05,0.00011019668815677847,6.887293009798654e-06,6.198563708818789e-05,7.57602231077852e-05,0.00010330939514697982,3.443646504899327e-05,0.00019284420427436233,0.00013085856718617444,9.642210213718117e-05,1.3774586019597309e-05,6.887293009798654e-05
ramucirumab,0.027554652654504484,0.00010447921886187242,3.4826406287290806e-05,8.358337508949793e-05,5.572225005966529e-05,6.965281257458161e-05,0.00011144450011933058,1.3930562514916322e-05,5.572225005966529e-05,9.751393760441426e-05,9.751393760441426e-05,6.965281257458161e-06,4.875696880220713e-05,7.661809383203977e-05,9.751393760441426e-05,3.4826406287290806e-05,0.00020199315646628668,0.00011840978137678874,0.00010447921886187242,2.0895843772374482e-05,5.572225005966529e-05
alemtuzumab,0.027285317574290424,7.529816691349589e-05,3.42264395061345e-05,6.8452879012269e-05,6.8452879012269e-05,4.7917015308588295e-05,8.214345481472279e-05,2.0535863703680698e-05,6.16075911110421e-05,0.00010267931851840349,0.00010267931851840349,6.845287901226899e-06,6.8452879012269e-05,7.529816691349589e-05,0.00010267931851840349,4.7917015308588295e-05,0.00019851334913558008,0.0001300604701233111,9.583403061717659e-05,1.3690575802453799e-05,6.16075911110421e-05
tralokinumab,0.02758130920120154,0.00011798748274293563,3.470220080674577e-05,6.246396145214239e-05,6.940440161349154e-05,2.7761760645396618e-05,0.00012492792290428478,2.0821320484047462e-05,4.858308112944408e-05,8.328528193618985e-05,8.328528193618985e-05,,4.1642640968094924e-05,0.00011798748274293563,6.940440161349154e-05,3.470220080674577e-05,0.000180451444195078,0.00013880880322698308,0.00013880880322698308,2.7761760645396618e-05,6.246396145214239e-05
isatuximab,0.027413369348810432,8.954115616445619e-05,3.443890621709854e-05,7.576559367761678e-05,6.199003119077736e-05,5.510224994735766e-05,8.954115616445619e-05,2.755112497367883e-05,4.821446870393795e-05,8.265337492103649e-05,8.954115616445619e-05,1.3775562486839415e-05,3.443890621709854e-05,7.576559367761678e-05,9.64289374078759e-05,4.821446870393795e-05,0.0002066334373025912,0.00012398006238155472,0.00012398006238155472,1.3775562486839415e-05,8.265337492103649e-05
avelumab,0.027762449425343387,0.00011127234238614583,3.4772606995670576e-05,4.172712839480469e-05,6.259069259220704e-05,2.7818085596536458e-05,0.00011822686378527995,2.0863564197402346e-05,3.4772606995670576e-05,9.040877818874348e-05,7.649973539047527e-05,6.954521399134114e-06,5.5636171193072915e-05,9.73632995878776e-05,7.649973539047527e-05,2.7818085596536458e-05,0.00025036277036882815,0.00015299947078095054,0.00011822686378527995,2.0863564197402346e-05,7.649973539047527e-05
sutimlimab,0.027362951836633318,8.978252748011943e-05,3.4531741338507473e-05,4.834443787391046e-05,6.906348267701495e-05,4.834443787391046e-05,8.287617921241793e-05,2.7625393070805977e-05,4.143808960620897e-05,8.978252748011943e-05,0.0001243142688186269,6.906348267701494e-06,4.143808960620897e-05,8.978252748011943e-05,8.978252748011943e-05,4.143808960620897e-05,0.0002417221893695523,0.0001312206170863284,8.978252748011943e-05,2.0719044803104483e-05,8.287617921241793e-05
bimekizumab,0.02723976980175665,8.151552060376055e-05,3.39648002515669e-05,7.472256055344717e-05,7.472256055344717e-05,5.434368040250703e-05,8.151552060376055e-05,2.0378880150940137e-05,4.755072035219366e-05,8.830848065407392e-05,0.00010868736080501406,6.792960050313379e-06,4.0757760301880274e-05,7.472256055344717e-05,9.510144070438731e-05,5.434368040250703e-05,0.00020378880150940138,0.00012227328090564082,0.00010868736080501406,2.7171840201253516e-05,5.434368040250703e-05
mogamulizumab,0.02740599599190075,9.539630628707373e-05,3.4070109388240617e-05,5.4512175021184986e-05,8.176826253177748e-05,5.4512175021184986e-05,0.00010902435004236997,1.3628043755296247e-05,4.088413126588874e-05,7.495424065412936e-05,0.00012265239379766622,,3.4070109388240617e-05,8.176826253177748e-05,8.85822844094256e-05,6.132619689883311e-05,0.00022486272196238806,0.0001158383719200181,9.539630628707373e-05,1.3628043755296247e-05,6.814021877648123e-05
teprotumumab,0.02729404176524326,0.0001098904550185939,3.434076719331059e-05,5.494522750929695e-05,8.241784126394542e-05,5.494522750929695e-05,8.241784126394542e-05,1.3736306877324237e-05,3.434076719331059e-05,8.928599470260754e-05,0.00011675860845725601,,3.434076719331059e-05,8.928599470260754e-05,9.615414814126965e-05,6.181338094795906e-05,0.0002197809100371878,0.00011675860845725601,9.615414814126965e-05,2.7472613754648474e-05,6.181338094795906e-05
tisotumab ,0.027413913332917088,0.00010363122479681358,3.454374159893786e-05,6.217873487808815e-05,6.908748319787572e-05,5.526998655830058e-05,8.290497983745086e-05,1.3817496639575144e-05,4.8361238238513e-05,8.981372815723843e-05,0.00010363122479681358,6.908748319787572e-06,4.145248991872543e-05,8.290497983745086e-05,0.00011053997311660115,4.8361238238513e-05,0.00023489744287277746,0.00011744872143638873,8.290497983745086e-05,1.3817496639575144e-05,7.59962315176633e-05
cemiplimab,0.027429832195542313,9.041273289605732e-05,3.4774128036945124e-05,6.954825607389025e-05,5.56386048591122e-05,7.650308168127926e-05,9.041273289605732e-05,2.0864476822167073e-05,4.868377925172317e-05,6.954825607389025e-05,0.0001112772097182244,6.954825607389025e-06,6.259343046650122e-05,8.345790728866829e-05,9.041273289605732e-05,4.868377925172317e-05,0.0002225544194364488,0.0001390965121477805,9.736755850344634e-05,1.390965121477805e-05,5.56386048591122e-05
lanadelumab,0.027320939527493614,8.923924971291883e-05,3.4322788351122624e-05,6.178101903202073e-05,6.864557670224525e-05,5.49164613617962e-05,8.23746920426943e-05,1.372911534044905e-05,4.805190369157168e-05,9.610380738314336e-05,0.00010296836505336789,6.864557670224525e-06,4.118734602134715e-05,6.864557670224525e-05,0.00010296836505336789,4.118734602134715e-05,0.0002196658454471848,0.0001372911534044905,9.610380738314336e-05,2.74582306808981e-05,6.864557670224525e-05
relatlimab,0.027277780408005124,0.00011015761901264058,3.442425594145018e-05,5.507880950632029e-05,8.261821425948042e-05,5.507880950632029e-05,8.261821425948042e-05,1.3769702376580073e-05,4.8193958318030255e-05,6.884851188290035e-05,0.0001308121725775107,,5.507880950632029e-05,8.261821425948042e-05,9.638791663606051e-05,6.196366069461033e-05,0.00021343038683699112,0.00011704247020093061,8.261821425948042e-05,2.0654553564870106e-05,6.196366069461033e-05
ibalizumab,0.027183612266850034,8.146936743311699e-05,3.394556976379875e-05,6.78911395275975e-05,7.468025348035725e-05,4.7523797669318244e-05,8.825848138587674e-05,1.3578227905519499e-05,3.394556976379875e-05,9.504759533863649e-05,0.00011541493719691574,1.3578227905519499e-05,5.4312911622077994e-05,6.110202557483775e-05,0.00010183670929139624,4.7523797669318244e-05,0.00021725164648831198,0.00011541493719691574,0.00011541493719691574,2.0367341858279247e-05,8.825848138587674e-05
risankizumab,0.02729931639972775,9.617273014498957e-05,3.434740362321056e-05,7.556428797106322e-05,6.1825326521779e-05,6.1825326521779e-05,7.556428797106322e-05,2.7477922898568448e-05,4.8086365072494784e-05,9.617273014498957e-05,9.617273014498957e-05,6.869480724642112e-06,3.434740362321056e-05,7.556428797106322e-05,8.243376869570534e-05,5.4955845797136896e-05,0.00021982338318854758,0.000123650653043558,0.0001167811723189159,2.0608442173926336e-05,6.1825326521779e-05
mosunetuzumab,0.027295933665207137,8.862316125067252e-05,3.408583125025866e-05,6.817166250051732e-05,7.498882875056905e-05,5.453733000041385e-05,8.180599500062078e-05,1.3634332500103463e-05,4.7720163750362124e-05,9.544032750072425e-05,0.00012270899250093118,6.817166250051732e-06,5.453733000041385e-05,6.817166250051732e-05,9.544032750072425e-05,6.135449625046559e-05,0.00021133215375160368,0.00012270899250093118,0.0001090746600008277,2.0451498750155194e-05,6.135449625046559e-05
ansuvimab,0.02761453447959225,0.00011812961402945854,3.474400412631134e-05,6.253920742736041e-05,6.253920742736041e-05,5.5590406602098136e-05,9.033441072840947e-05,2.7795203301049068e-05,4.864160577683587e-05,8.338560990314721e-05,0.000104232012378934,6.948800825262267e-06,5.5590406602098136e-05,7.643680907788494e-05,9.033441072840947e-05,4.864160577683587e-05,0.0002154128255831303,0.00011812961402945854,0.00011118081320419627,1.3897601650524534e-05,6.253920742736041e-05
fremanezumab,0.02727688030773925,9.623899302125745e-05,3.437106893616338e-05,4.8119496510628725e-05,8.249056544679211e-05,5.49937102978614e-05,8.936477923402478e-05,1.374842757446535e-05,4.1245282723396055e-05,8.936477923402478e-05,0.00012373584817018814,,4.8119496510628725e-05,8.249056544679211e-05,8.249056544679211e-05,5.49937102978614e-05,0.00020622641361698027,0.00012373584817018814,9.623899302125745e-05,1.374842757446535e-05,8.936477923402478e-05
Obiltoxaximab ,0.027316248669396928,6.873741487014829e-05,3.4368707435074144e-05,6.873741487014829e-05,6.873741487014829e-05,4.81161904091038e-05,9.62323808182076e-05,1.3747482974029657e-05,5.498993189611863e-05,8.248489784417794e-05,0.00010997986379223725,6.873741487014828e-06,5.498993189611863e-05,6.873741487014829e-05,0.00010997986379223725,6.186367338313346e-05,0.00020621224461044485,0.00012372734676626692,0.00010310612230522243,2.0621224461044486e-05,6.873741487014829e-05
eptinezumab,0.027616664974622365,9.075243798536166e-05,4.88666973767332e-05,7.679052444915217e-05,6.282861091294269e-05,5.584765414483794e-05,0.00010471435152157114,2.094287030431423e-05,3.4904783840523714e-05,9.075243798536166e-05,0.00011169530828967589,,5.584765414483794e-05,6.980956768104743e-05,9.77333947534664e-05,3.4904783840523714e-05,0.00022339061657935177,0.00012565722182588537,0.0001326381785939901,1.3961913536209486e-05,7.679052444915217e-05
basiliximab,0.027335394372536324,0.0001039632138914921,3.4654404630497366e-05,4.8516166482696316e-05,7.62396901870942e-05,4.1585285556596844e-05,9.010145203929316e-05,2.0792642778298422e-05,4.8516166482696316e-05,9.703233296539263e-05,8.317057111319369e-05,2.7723523704397894e-05,3.4654404630497366e-05,6.930880926099473e-05,8.317057111319369e-05,4.1585285556596844e-05,0.00024951171333958104,0.00012475585666979052,9.010145203929316e-05,2.0792642778298422e-05,7.62396901870942e-05
bezlotoxumab,0.02734919629524301,9.62032030485935e-05,3.4358286803069106e-05,5.497325888491057e-05,8.245988832736585e-05,5.497325888491057e-05,0.00010307486040920732,1.3743314721227642e-05,4.122994416368293e-05,7.558823096675204e-05,0.00011681817513043497,,3.4358286803069106e-05,7.558823096675204e-05,9.62032030485935e-05,6.18449162455244e-05,0.0002267646929002561,0.0001236898324910488,9.62032030485935e-05,2.0614972081841464e-05,6.871657360613821e-05
odesivimab,0.027401409892818557,8.896561653512519e-05,3.4217544821201996e-05,6.15915806781636e-05,8.212210757088479e-05,4.790456274968279e-05,8.896561653512519e-05,1.3687017928480797e-05,4.1061053785442394e-05,9.580912549936558e-05,0.00011633965239208679,6.843508964240399e-06,6.15915806781636e-05,7.527859860664439e-05,9.580912549936558e-05,4.1061053785442394e-05,0.00021899228685569276,0.00011633965239208679,0.00011633965239208679,2.0530526892721197e-05,8.212210757088479e-05
emapalumab,0.027637038544656448,9.634425787479838e-05,3.44086635267137e-05,5.505386164274193e-05,7.569905975877015e-05,3.44086635267137e-05,9.634425787479838e-05,2.064519811602822e-05,4.129039623205644e-05,7.569905975877015e-05,7.569905975877015e-05,1.3763465410685482e-05,5.505386164274193e-05,0.00010322599058014111,7.569905975877015e-05,4.129039623205644e-05,0.0002546241100976814,0.00014451638681219756,0.00010322599058014111,2.7526930821370964e-05,6.88173270534274e-05
benralizumab,0.027298372352149314,6.848563058742928e-05,3.424281529371464e-05,6.848563058742928e-05,6.848563058742928e-05,5.478850446994343e-05,9.587988282240099e-05,2.0545689176228785e-05,5.478850446994343e-05,8.903131976365807e-05,0.00010957700893988686,6.848563058742929e-06,4.7939941411200496e-05,7.533419364617221e-05,0.00010272844588114392,4.109137835245757e-05,0.00020545689176228784,0.00013697126117485857,9.587988282240099e-05,1.3697126117485858e-05,7.533419364617221e-05
evinacumab,0.027375396560556053,8.901454609485461e-05,3.423636388263639e-05,6.16254549887455e-05,6.847272776527277e-05,5.477818221221822e-05,8.216727331832732e-05,1.3694545553054554e-05,4.793090943569094e-05,9.586181887138189e-05,0.00010955636442443643,6.847272776527277e-06,4.108363665916366e-05,6.847272776527277e-05,0.00010270909164790916,4.793090943569094e-05,0.00023280727440192742,0.000123250909977491,8.901454609485461e-05,2.054181832958183e-05,7.532000054180005e-05
burosumab,0.02746273644048492,9.718865272163521e-05,3.471023311486972e-05,7.636251285271338e-05,6.247841960676549e-05,6.942046622973944e-05,9.024660609866127e-05,1.3884093245947887e-05,4.8594326360817605e-05,9.024660609866127e-05,0.0001110727459675831,,4.165227973784366e-05,7.636251285271338e-05,9.718865272163521e-05,4.165227973784366e-05,0.00022908753855814014,0.00011801479259055704,0.00010413069934460915,1.3884093245947887e-05,6.247841960676549e-05
tezepelumab,0.027449942040803275,0.00011760307829981243,3.458914067641542e-05,6.226045321754775e-05,6.917828135283084e-05,2.7671312541132335e-05,0.00011068525016452934,2.7671312541132335e-05,2.7671312541132335e-05,7.609610948811393e-05,8.3013937623397e-05,,4.842479694698159e-05,0.00011068525016452934,7.609610948811393e-05,3.458914067641542e-05,0.0002075348440584925,0.0001314387345703786,0.00013835656270566168,3.458914067641542e-05,6.226045321754775e-05
ixekizumab,0.02723193482461218,6.157975211595719e-05,3.421097339775399e-05,6.157975211595719e-05,6.842194679550798e-05,6.157975211595719e-05,9.579072551371118e-05,3.421097339775399e-05,4.789536275685559e-05,8.894853083416038e-05,0.00012315950423191438,6.842194679550799e-06,4.789536275685559e-05,8.210633615460958e-05,8.894853083416038e-05,6.157975211595719e-05,0.00021895022974562556,0.00011631730955236356,0.00012315950423191438,1.3684389359101597e-05,6.157975211595719e-05
erenumab,0.027558824981051423,0.00010262720325614978,3.4209067752049926e-05,4.78926948528699e-05,5.4734508403279885e-05,2.7367254201639943e-05,0.00012999445745778972,1.3683627100819971e-05,4.105088130245991e-05,9.57853897057398e-05,0.00010262720325614978,,6.157632195368987e-05,0.00010946901680655977,7.525994905450984e-05,2.7367254201639943e-05,0.00020525440651229955,0.0001505198981090197,0.00010946901680655977,2.7367254201639943e-05,6.157632195368987e-05
durvalumab,0.027289765283944493,9.570558967315204e-05,3.418056774041144e-05,6.15250219327406e-05,8.203336257698746e-05,5.468890838465831e-05,9.570558967315204e-05,1.3672227096164577e-05,4.101668128849373e-05,7.519724902890517e-05,0.0001230500438654812,,3.418056774041144e-05,8.203336257698746e-05,9.570558967315204e-05,6.836113548082288e-05,0.00021191951999055095,0.0001162139303173989,9.570558967315204e-05,2.0508340644246864e-05,6.836113548082288e-05
dostarlimab,0.027319662359320405,9.71242440402452e-05,3.4687230014373286e-05,6.243701402587192e-05,6.937446002874657e-05,6.243701402587192e-05,9.018679803737055e-05,2.774978401149863e-05,4.1624676017247945e-05,9.71242440402452e-05,0.00011099913604599452,,3.4687230014373286e-05,7.631190603162124e-05,9.71242440402452e-05,3.4687230014373286e-05,0.00020118593408336506,0.00013874892005749314,0.00010406169004311987,2.774978401149863e-05,7.631190603162124e-05
olaratumab,0.027323225479751724,0.00011548852142112861,3.396721218268488e-05,5.4347539492295814e-05,8.152130923844372e-05,5.4347539492295814e-05,8.152130923844372e-05,1.3586884873073954e-05,4.076065461922186e-05,7.472786680190675e-05,0.00011548852142112861,,4.755409705575884e-05,8.83147516749807e-05,9.510819411151768e-05,6.114098192883279e-05,0.00021059671553264628,0.00010869507898459163,9.510819411151768e-05,2.038032730961093e-05,6.114098192883279e-05
tixagevimab,0.02734020358441201,9.545208233959306e-05,3.409002940699752e-05,5.4544047051196033e-05,8.181607057679406e-05,5.4544047051196033e-05,0.00010908809410239207,2.0454017644198515e-05,4.090803528839703e-05,7.499806469539455e-05,0.00011590609998379158,,3.409002940699752e-05,7.499806469539455e-05,8.863407645819356e-05,6.818005881399504e-05,0.00022499419408618366,0.00011590609998379158,9.545208233959306e-05,2.0454017644198515e-05,6.818005881399504e-05
loncastuximab ,0.02739315371024784,9.694240443464857e-05,3.462228729808878e-05,4.847120221732428e-05,8.309348951541307e-05,4.154674475770653e-05,0.00010386686189426632,2.769782983847102e-05,4.154674475770653e-05,8.309348951541307e-05,8.309348951541307e-05,2.769782983847102e-05,4.154674475770653e-05,7.616903205579531e-05,6.924457459617755e-05,5.539565967694204e-05,0.00022850709616738593,0.0001246402342731196,9.694240443464857e-05,2.0773372378853267e-05,7.616903205579531e-05
