t(h),V(L),rALA(mmol),rARG(mmol),rASN(mmol),rASP(mmol),rCYS(mmol),rEGLC(mmol),rEGLN(mmol),rEGLU(mmol),rEPYR(mmol),rGLY(mmol),rHIS(mmol),rILE(mmol),rLAC(mmol),rLEU(mmol),rLYS(mmol),rMET(mmol),rNH4(mmol),rPHE(mmol),rPRO(mmol),rSER(mmol),rTHR(mmol),rTYR(mmol),rVAL(mmol),rmAB(mg),rX(Mcells)
0.0,270.0,0.0,0.0,0.0,0.0,0.0,0.0,0.0,0.0,0.0,0.0,0.0,0.0,0.0,0.0,0.0,0.0,0.0,0.0,0.0,0.0,0.0,0.0,0.0,0.0,0.0
12.0,294.0000000000012,178.50663313346237,-68.52668839607523,-119.98036829059996,-132.49073884934248,-11.238087449026082,-1647.1567520437627,-164.6804954623374,-23.13970216402406,-13.358824608479665,59.99162071208919,-48.17326334973959,-33.33457882141749,1730.362324509677,-61.242495985996825,-55.74831989985679,-14.234910768159672,387.43135228131246,-25.223262940667116,-29.96823319713747,-181.6045056813285,-158.75460594349804,-21.347285542494358,-47.1324528562668,1.6511812595141903e-05,624.2589092786707
24.0,318.00000000000125,474.9300747908227,-169.19657347680848,-294.1993389710419,-330.78152433587894,-25.79308921587224,-3729.3635919713647,-400.04132369336406,-46.864652265388536,-40.008129851753395,210.70297639885158,-122.48242300865155,-77.0703058398369,3490.2602753877923,-141.12314405798622,-128.51318933035407,-32.67124633857472,980.0925699968486,-57.89115579441294,-68.78157124165652,-448.94697258475753,-437.37615386013704,-49.5576773430022,-108.73848759985796,4.1643863376735394e-05,1432.728862315047
36.0,342.0000000000011,914.3294396093136,-304.6583909355985,-529.6292137815518,-604.807187712229,-42.981860359823976,-6182.600629204426,-713.8246913384183,-65.14626178712778,-80.38455187641019,477.87342656072263,-226.81346606279124,-129.5811285780024,4995.221146737226,-236.31941513587648,-215.30606118242156,-54.44368978626622,1821.7433763456884,-96.47039769424237,-114.61829429161952,-816.2794261561502,-855.5985216003501,-83.7338108610347,-182.3533015763342,7.74038458957631e-05,2387.4125117644844
48.0,366.00000000000136,1511.6542947090797,-475.5575778999663,-827.755123307121,-956.6937413121516,-61.863839147651966,-8935.252574776341,-1110.6271195024226,-71.78699150345128,-136.16173412381647,861.8840054920647,-363.5152914454356,-188.33165096868953,6014.904093735657,-341.96018484821974,-311.7156412653083,-78.36086291575785,2942.595970581721,-138.84995008330947,-164.97023772505912,-1292.1594496879811,-1405.5356555534436,-122.34355587814908,-264.2866979238075,0.00012523792406296977,3435.9839867388714
60.0,390.00000000000153,2244.670017051817,-680.8886095029898,-1176.2767335476328,-1199.3403108790735,-79.12331635402998,-11709.9885931425,-1601.315439119489,-53.874985974021875,-209.07756776466883,1269.9581478562382,-537.5874921088747,-244.9352975204581,6203.911405346212,-441.42486646065413,-402.7423562437006,-100.22286737495124,4375.1159346233435,-177.58788781142377,-210.9955102744307,-1867.7860769637457,-1965.27888362409,-160.53709340991935,-342.08114704640485,0.000185625805543084,4393.89924637411
72.0,414.0000000000053,3049.579690812053,-909.0567505843256,-1543.892256485994,-1199.3809417211976,-91.92008235043134,-14226.996048057968,-2171.442747944764,-6.464978747069088,-296.2203811518426,1625.579429616255,-742.579268108829,-291.5745722315958,5444.086049231741,-519.8427767273931,-474.9040698013012,-116.43210430115487,6061.052788688946,-206.3095181568665,-245.12021959704285,-2507.18683055507,-2433.356770807729,-193.5264843917229,-404.4320066762437,0.00025560608753009354,5102.782476602113
84.0,594.0000000000072,3986.9710868917996,-1178.013689036875,-1908.6075734757346,-1199.522795508993,-106.62678406939145,-17140.173939796423,-2842.3820156842608,50.56544236890041,-396.86147766392526,2238.7276033779326,-985.6235552592777,-340.56248573380196,4849.481141898711,-603.7992474987615,-551.8268828265872,-133.1851693469259,7954.37424667489,-237.8331826191443,-283.51759293587105,-3230.3296147311817,-3171.195911509022,-226.9444633810946,-472.1309264963243,51041.09203932019,5819.435703686871
96.0,774.0000000000072,5054.481969959051,-1486.0839177956175,-2230.67828196802,-1200.4456747042798,-120.96826130532132,-20401.061469370048,-3640.73648776042,123.24434881374759,-513.2666805176791,3073.8805605224943,-1268.2691356446624,-387.5829410934178,4568.9513236999155,-685.2539888499774,-626.389015933587,-149.92567299229182,10052.486245573138,-268.8934155730049,-321.13793394161996,-4025.793260150482,-4128.923675210839,-258.7564284923932,-537.2569227809345,89833.55830178743,6538.370351035044
108.0,954.0000000000063,6225.558202115888,-1822.0708026137222,-2487.912794286871,-1201.9120862549778,-133.3872985262143,-23875.40524724028,-4531.446382218608,215.65634366975902,-643.9211002632345,4047.3523037427804,-1582.1524735798832,-428.9083149643591,4384.096954373535,-756.5847718555311,-691.7323149105384,-164.64791011940895,12297.62976399662,-295.9688245145814,-353.8141288138703,-4882.641215569464,-5209.088202810048,-286.89786328725756,-594.1820541805288,117281.83632843745,7170.139566236968
120.0,1134.0000000000068,7476.868571939111,-2176.5006580908907,-2672.501490071082,-1203.365379344703,-142.9036240785899,-27437.356588544237,-5486.522536766275,328.84607048574634,-786.7001168325183,5141.486065116708,-1919.5996733382478,-462.28525749969504,4153.694483759656,-813.0514594818377,-743.6011642195748,-176.04687238571245,14641.831904140372,-316.80910720293815,-378.90441253477167,-5784.765204052759,-6385.26374754668,-310.16499919797826,-639.4715149463291,135109.52536081092,7654.344740039811
132.0,1314.0000000000068,8774.564055494318,-2540.9151435635495,-2794.1209206735075,-1204.49315144136,-149.47036742770288,-30966.112938378403,-6479.180466833788,460.0728753014651,-939.2670368453299,6369.943156856331,-2272.2748154003843,-487.9110264384249,3807.402061344406,-854.6542682218602,-782.0268101665964,-183.96580649579036,17044.2253723147,-331.23196969856497,-396.2411915329317,-6716.048281133771,-7670.462899901385,-328.81117569757885,-673.2989991577178,145967.00405271773,7977.706950007672
144.0,1494.0000000000098,10076.326448577172,-2908.6193837438636,-2870.59745148472,-1205.2645861246126,-153.70891279534743,-34344.100057728305,-7486.98012005352,604.4020124042505,-1099.8695870993372,7757.104271709462,-2632.3936845795056,-507.6819198185155,3329.6146329704575,-884.7551286544038,-810.0751913739211,-189.09824850724766,19472.252482879638,-340.5580134557942,-407.44056200209315,-7663.560210409698,-9094.299927891729,-344.0757279014046,-698.3563718612418,152400.3241053784,8160.082775512505
156.0,1674.00000000001,11346.324414030074,-3275.020844741961,-2918.1325097527624,-1205.771501115306,-156.3644648741653,-37485.71843626109,-8486.977746121962,756.9182254767409,-1267.055379658462,9385.660477006008,-2994.0397606474266,-523.2706065259653,2727.811367444463,-906.8221623522021,-830.8556556953653,-192.32154146096198,21894.95805783143,-346.40709754201686,-414.4606064358459,-8617.29143905882,-10745.853317429004,-356.8406011214139,-717.2544823633275,156221.5901072888,8226.682237257624
168.0,1854.0000000000073,12572.411547026299,-3637.7887214956636,-2947.979951905173,-1206.096001802925,-158.01514389766396,-40424.946385631934,-9434.137262350538,913.6536559542469,-1438.5867120163134,11606.449108281839,-3353.8507819244783,-535.5012588224636,2033.9460246928668,-923.0817236559834,-846.3152902883953,-194.3275384818851,24262.279949361015,-350.04477163775846,-418.82528956964074,-9568.783854296025,-12980.942924161016,-367.3158330683997,-731.5414153605128,158531.2035558012,8196.539441235947
180.0,2034.0000000000055,13710.281305875893,-3992.323785634063,-2967.139695667859,-1206.306969172429,-159.0536555988261,-43126.909470153696,-10304.95571578702,1071.6205926719117,-1614.852861657198,14521.662084582116,-3706.5254277025742,-545.1644832686846,1422.1140738828963,-935.2799967512159,-858.0102663834499,-195.5899486586788,26538.353252597466,-352.3336650566632,-421.57144999069294,-10510.654244899397,-15905.154204562677,-375.87462657367354,-742.4982094397935,159974.67265662484,8087.046238512265
192.0,2214.0000000000077,14742.167607661742,-4335.7558865108795,-2979.7645395523014,-1206.4477835765595,-159.7169373185349,-45596.98137499259,-11073.265213390574,1228.706159428581,-1795.2745579111886,18243.522040650772,-4048.7694671973213,-552.9423833217888,969.873445799792,-944.6766509199335,-867.0855068968295,-196.39581661207447,28686.86626704603,-353.7952186550732,-423.3251998531886,-11436.637456767116,-19632.760284921635,-382.9471691814781,-751.1024374432164,160907.8710427023,7915.292818722493
204.0,2394.00000000001,15667.457813982059,-4666.573834029061,-2988.312765185695,-1206.5447882042745,-160.1472119476865,-47840.5902902665,-11725.21957464968,1383.4359155891882,-1978.6672315700418,22733.56471933982,-4378.816962507463,-559.3194577350017,672.5914176594811,-952.1032832347744,-874.3036903919614,-196.91793915449108,30685.97592045295,-354.74282333234964,-424.4625836195789,-12341.829530734864,-24126.528954950405,-388.86671473950287,-758.0157818343672,161530.89398485396,7698.1330713721745
216.0,2574.000000000012,16497.262053614115,-4984.386417951014,-2994.257825904454,-1206.6136908177318,-160.43055173730318,-49871.457609821424,-12260.629999703331,1534.8187709091662,-2163.389235436586,27825.657208436733,-4696.122451222192,-564.6380683088057,487.5927256166644,-958.1124901852096,-880.1756869396824,-197.26110095482272,32530.220589194945,-355.3663066630529,-425.2112722127891,-13222.734373839807,-29221.0734493339,-393.88407965853975,-763.6877616578009,161959.14128727475,7450.546550315272
228.0,2754.0000000000127,17246.547133482076,-5289.414783275495,-2998.499962947633,-1206.6640061868331,-160.61992656878155,-51713.28576073239,-12688.484859500159,1682.2232939795501,-2347.7495608623626,33309.19799485468,-5000.81211700313,-569.1423667113311,375.9393381017679,-963.0778746685976,-885.0494134300518,-197.4898726462474,34225.58810592411,-355.7825580011829,-425.7114141592853,-14077.10490361475,-34706.25165515057,-398.18707218426636,-768.4284447876518,162261.3205053025,7184.611369964995
240.0,2934.000000000011,17929.687267500296,-5582.144306855291,-3001.60101115325,-1206.7016800888475,-160.74843201245264,-53394.0299136567,-13022.392339788526,1825.2777638833256,-2530.268569670189,38989.459142161875,-5293.3119942661815,-573.0085059990733,312.47492128336114,-967.2564936473032,-889.1658759187266,-197.64462548573107,35784.29154683194,-356.06463159166594,-426.05058627631473,-14903.686989639298,-40387.62273882485,-401.91664029391563,-772.4551591014125,162479.6105972093,6909.359594226121
